Acao,Data,Close,Volume
OGXP3,2010-01-04,17.67,16427600
OGXP3,2010-01-05,18.20,29087300
OGXP3,2010-01-06,17.94,19090300
OGXP3,2010-01-07,18.15,17172600
OGXP3,2010-01-08,18.05,13574800
OGXP3,2010-01-11,18.96,16209200
OGXP3,2010-01-12,19.20,17518800
OGXP3,2010-01-13,19.41,11748200
OGXP3,2010-01-14,18.77,29304300
OGXP3,2010-01-15,18.39,12086100
OGXP3,2010-01-18,19.18,16259800
OGXP3,2010-01-19,19.30,13843200
OGXP3,2010-01-20,18.52,11483700
OGXP3,2010-01-21,17.48,21583300
OGXP3,2010-01-22,17.62,22764200
OGXP3,2010-01-26,17.70,17757000
OGXP3,2010-01-27,17.34,15795800
OGXP3,2010-01-28,17.60,7752200
OGXP3,2010-01-29,16.80,16947800
OGXP3,2010-02-01,17.30,20034600
OGXP3,2010-02-02,17.90,14411400
OGXP3,2010-02-03,19.00,33670200
OGXP3,2010-02-04,17.65,27008700
OGXP3,2010-02-05,18.14,31075300
OGXP3,2010-02-08,17.60,17997500
OGXP3,2010-02-09,17.40,23982000
OGXP3,2010-02-10,17.55,16580000
OGXP3,2010-02-11,17.83,16822800
OGXP3,2010-02-12,17.53,10290500
OGXP3,2010-02-17,17.65,10877300
OGXP3,2010-02-18,17.60,11476900
OGXP3,2010-02-19,17.21,10799600
OGXP3,2010-02-22,16.90,15157400
OGXP3,2010-02-23,16.40,24749100
OGXP3,2010-02-24,16.31,13440200
OGXP3,2010-02-25,15.89,23442500
OGXP3,2010-02-26,15.75,15272500
OGXP3,2010-03-01,16.32,18158000
OGXP3,2010-03-02,16.05,27302500
OGXP3,2010-03-03,16.11,21317500
OGXP3,2010-03-04,15.79,18642800
OGXP3,2010-03-05,16.71,26622600
OGXP3,2010-03-08,16.88,13997700
OGXP3,2010-03-09,16.87,15000500
OGXP3,2010-03-10,17.01,17643200
OGXP3,2010-03-11,17.80,41624500
OGXP3,2010-03-12,17.30,28810900
OGXP3,2010-03-15,16.80,23174600
OGXP3,2010-03-16,16.99,21417600
OGXP3,2010-03-17,16.90,13586800
OGXP3,2010-03-18,16.60,18718100
OGXP3,2010-03-19,16.26,17111700
OGXP3,2010-03-22,16.30,19111700
OGXP3,2010-03-23,16.57,9812200
OGXP3,2010-03-24,16.53,12579300
OGXP3,2010-03-25,16.49,7816900
OGXP3,2010-03-26,16.52,8345900
OGXP3,2010-03-29,16.75,8082800
OGXP3,2010-03-30,16.60,11124400
OGXP3,2010-03-31,16.65,11025100
OGXP3,2010-04-01,17.10,13051800
OGXP3,2010-04-05,17.08,12802500
OGXP3,2010-04-06,17.24,14982200
OGXP3,2010-04-07,17.22,15297200
OGXP3,2010-04-08,17.60,16929800
OGXP3,2010-04-09,17.64,18033700
OGXP3,2010-04-12,17.30,14329900
OGXP3,2010-04-13,17.61,13986600
OGXP3,2010-04-14,17.62,16878300
OGXP3,2010-04-15,17.94,47328400
OGXP3,2010-04-16,18.11,22543500
OGXP3,2010-04-19,18.45,21042400
OGXP3,2010-04-20,18.80,16721200
OGXP3,2010-04-22,18.36,15391000
OGXP3,2010-04-23,18.09,11070500
OGXP3,2010-04-26,17.96,14544700
OGXP3,2010-04-27,17.40,18054600
OGXP3,2010-04-28,16.94,22328400
OGXP3,2010-04-29,17.20,7944200
OGXP3,2010-04-30,17.32,18967200
OGXP3,2010-05-03,17.40,10593000
OGXP3,2010-05-04,16.45,19463800
OGXP3,2010-05-05,16.30,18772800
OGXP3,2010-05-06,15.30,24666300
OGXP3,2010-05-07,15.35,30612600
OGXP3,2010-05-10,17.20,30318700
OGXP3,2010-05-11,15.83,41389300
OGXP3,2010-05-12,16.07,18390500
OGXP3,2010-05-13,16.00,12482500
OGXP3,2010-05-14,15.55,31106500
OGXP3,2010-05-17,15.30,36983000
OGXP3,2010-05-18,14.95,25781700
OGXP3,2010-05-19,15.00,25555300
OGXP3,2010-05-20,14.82,19798300
OGXP3,2010-05-21,15.22,19163700
OGXP3,2010-05-24,15.85,18486500
OGXP3,2010-05-25,15.79,17972400
OGXP3,2010-05-26,15.89,19525300
OGXP3,2010-05-27,16.19,21372700
OGXP3,2010-05-31,16.21,6157300
OGXP3,2010-06-01,15.99,13941600
OGXP3,2010-06-02,16.61,21567800
OGXP3,2010-06-04,16.12,17510300
OGXP3,2010-06-07,16.10,15749000
OGXP3,2010-06-08,16.23,11121100
OGXP3,2010-06-09,16.10,10437500
OGXP3,2010-06-10,16.28,7933800
OGXP3,2010-06-11,16.36,7220300
OGXP3,2010-06-14,16.36,8208100
OGXP3,2010-06-15,17.10,11538300
OGXP3,2010-06-16,17.42,19510900
OGXP3,2010-06-17,17.17,11872200
OGXP3,2010-06-18,17.12,5808100
OGXP3,2010-06-21,17.86,16471200
OGXP3,2010-06-22,17.94,14016800
OGXP3,2010-06-23,18.27,14091000
OGXP3,2010-06-24,18.24,10963100
OGXP3,2010-06-25,18.58,6531900
OGXP3,2010-06-28,18.27,4852600
OGXP3,2010-06-29,17.01,15586400
OGXP3,2010-06-30,16.72,9570400
OGXP3,2010-07-01,17.45,9906000
OGXP3,2010-07-02,17.70,7578700
OGXP3,2010-07-05,17.75,5545300
OGXP3,2010-07-06,18.30,9957500
OGXP3,2010-07-07,18.26,9772800
OGXP3,2010-07-08,17.35,16777200
OGXP3,2010-07-12,17.35,7929800
OGXP3,2010-07-13,17.95,13673300
OGXP3,2010-07-14,17.90,9413400
OGXP3,2010-07-15,18.00,5815900
OGXP3,2010-07-16,17.70,11295500
OGXP3,2010-07-19,17.97,7470400
OGXP3,2010-07-20,18.29,8616500
OGXP3,2010-07-21,18.05,8925300
OGXP3,2010-07-22,18.40,11940900
OGXP3,2010-07-23,18.70,9123200
OGXP3,2010-07-26,18.73,10090900
OGXP3,2010-07-27,18.86,12040700
OGXP3,2010-07-28,18.45,8993100
OGXP3,2010-07-29,18.48,3545500
OGXP3,2010-07-30,18.59,6560600
OGXP3,2010-08-02,18.37,9036700
OGXP3,2010-08-03,17.99,7291300
OGXP3,2010-08-04,18.59,7977000
OGXP3,2010-08-05,18.75,9074000
OGXP3,2010-08-06,18.64,8764100
OGXP3,2010-08-09,18.32,8059100
OGXP3,2010-08-10,18.30,10693600
OGXP3,2010-08-11,18.29,9917700
OGXP3,2010-08-12,18.75,14583300
OGXP3,2010-08-13,19.18,38291900
OGXP3,2010-08-16,19.70,9193200
OGXP3,2010-08-17,20.47,16773700
OGXP3,2010-08-18,19.94,18975500
OGXP3,2010-08-19,20.10,9793200
OGXP3,2010-08-20,20.37,8574000
OGXP3,2010-08-23,20.35,10465800
OGXP3,2010-08-24,20.25,19555000
OGXP3,2010-08-25,20.30,9017400
OGXP3,2010-08-26,20.29,7643800
OGXP3,2010-08-27,20.42,10019000
OGXP3,2010-08-30,20.67,8254000
OGXP3,2010-08-31,20.88,12990900
OGXP3,2010-09-01,21.00,23292200
OGXP3,2010-09-02,20.46,14337500
OGXP3,2010-09-03,19.30,33449500
OGXP3,2010-09-06,19.39,6912100
OGXP3,2010-09-08,20.24,16851400
OGXP3,2010-09-09,19.88,14119000
OGXP3,2010-09-10,20.08,15051600
OGXP3,2010-09-13,20.47,15161000
OGXP3,2010-09-14,20.48,8659600
OGXP3,2010-09-15,20.95,18772500
OGXP3,2010-09-16,20.74,13407300
OGXP3,2010-09-17,20.20,14569000
OGXP3,2010-09-20,20.17,21413200
OGXP3,2010-09-21,19.88,10987200
OGXP3,2010-09-22,20.11,19964500
OGXP3,2010-09-23,20.60,23926400
OGXP3,2010-09-24,20.34,17378800
OGXP3,2010-09-27,20.35,14530200
OGXP3,2010-09-28,20.96,10298700
OGXP3,2010-09-29,21.61,17487600
OGXP3,2010-09-30,22.05,21262400
OGXP3,2010-10-01,22.19,26968600
OGXP3,2010-10-04,22.70,21363900
OGXP3,2010-10-05,22.60,18220400
OGXP3,2010-10-06,23.03,14756100
OGXP3,2010-10-07,23.00,13197800
OGXP3,2010-10-08,22.80,9069400
OGXP3,2010-10-11,22.68,6624800
OGXP3,2010-10-13,23.12,17646800
OGXP3,2010-10-14,22.95,11460000
OGXP3,2010-10-15,23.27,10478300
OGXP3,2010-10-18,22.90,14966200
OGXP3,2010-10-19,21.71,26147200
OGXP3,2010-10-20,22.28,12578200
OGXP3,2010-10-21,22.70,12372600
OGXP3,2010-10-22,22.25,16091400
OGXP3,2010-10-25,21.86,11970400
OGXP3,2010-10-26,21.99,14680700
OGXP3,2010-10-27,21.65,9773000
OGXP3,2010-10-28,21.74,9289200
OGXP3,2010-10-29,22.32,13679600
OGXP3,2010-11-01,22.78,6604700
OGXP3,2010-11-03,22.85,14989400
OGXP3,2010-11-04,23.20,12845500
OGXP3,2010-11-05,22.69,8753200
OGXP3,2010-11-08,22.59,18218800
OGXP3,2010-11-09,22.06,12496200
OGXP3,2010-11-10,21.51,29864100
OGXP3,2010-11-11,20.85,19565500
OGXP3,2010-11-12,21.05,17974900
OGXP3,2010-11-16,20.89,18556800
OGXP3,2010-11-17,21.10,13429400
OGXP3,2010-11-18,21.55,11568700
OGXP3,2010-11-19,21.67,6848700
OGXP3,2010-11-22,21.30,8251100
OGXP3,2010-11-23,20.75,11106700
OGXP3,2010-11-24,20.96,12977900
OGXP3,2010-11-25,20.90,3358800
OGXP3,2010-11-26,20.46,10748300
OGXP3,2010-11-29,20.18,7821700
OGXP3,2010-11-30,19.90,13433800
OGXP3,2010-12-01,20.80,15305400
OGXP3,2010-12-02,20.43,13820900
OGXP3,2010-12-03,19.92,17728400
OGXP3,2010-12-06,19.75,14948100
OGXP3,2010-12-07,19.82,14074300
OGXP3,2010-12-08,19.85,8701800
OGXP3,2010-12-09,19.52,18306000
OGXP3,2010-12-10,19.55,9833100
OGXP3,2010-12-13,19.70,9516600
OGXP3,2010-12-14,19.70,9675000
OGXP3,2010-12-15,19.29,19823800
OGXP3,2010-12-16,19.01,15259400
OGXP3,2010-12-17,19.15,9085800
OGXP3,2010-12-20,18.94,28309200
OGXP3,2010-12-21,18.63,17760000
OGXP3,2010-12-22,18.90,7671800
OGXP3,2010-12-23,18.90,5925600
OGXP3,2010-12-27,19.04,6932300
OGXP3,2010-12-28,19.55,11977700
OGXP3,2010-12-29,19.70,11036800
OGXP3,2010-12-30,20.00,13629400
OGXP3,2011-01-03,20.03,14991600
OGXP3,2011-01-04,20.15,11836500
OGXP3,2011-01-05,20.60,19567800
OGXP3,2011-01-06,20.67,16578100
OGXP3,2011-01-07,20.75,6745500
OGXP3,2011-01-10,20.75,5538400
OGXP3,2011-01-11,20.33,15079000
OGXP3,2011-01-12,20.31,12704100
OGXP3,2011-01-13,20.06,3514400
OGXP3,2011-01-14,20.00,8017300
OGXP3,2011-01-17,19.78,23811600
OGXP3,2011-01-18,19.87,5464000
OGXP3,2011-01-19,20.11,10633400
OGXP3,2011-01-20,19.65,13595800
OGXP3,2011-01-21,18.77,17772600
OGXP3,2011-01-24,18.15,28404700
OGXP3,2011-01-26,18.93,31026200
OGXP3,2011-01-27,18.19,18949200
OGXP3,2011-01-28,17.96,16202300
OGXP3,2011-01-31,17.21,20192800
OGXP3,2011-02-01,17.89,14525200
OGXP3,2011-02-02,17.04,16421300
OGXP3,2011-02-03,17.37,10000
OGXP3,2011-02-04,16.65,24564000
OGXP3,2011-02-07,16.15,27560600
OGXP3,2011-02-08,17.00,7200
OGXP3,2011-02-09,17.04,32232700
OGXP3,2011-02-10,17.86,30099800
OGXP3,2011-02-11,17.60,15409800
OGXP3,2011-02-14,17.94,13297900
OGXP3,2011-02-15,17.55,18879800
OGXP3,2011-02-16,18.35,19406200
OGXP3,2011-02-17,18.35,13845500
OGXP3,2011-02-18,18.12,8670000
OGXP3,2011-02-21,18.80,17912200
OGXP3,2011-02-22,18.73,25344200
OGXP3,2011-02-23,19.20,19010400
OGXP3,2011-02-25,19.00,9677000
OGXP3,2011-02-28,19.45,18341500
OGXP3,2011-03-01,19.32,15467900
OGXP3,2011-03-02,20.00,18032700
OGXP3,2011-03-03,20.05,11563400
OGXP3,2011-03-04,20.25,8586100
OGXP3,2011-03-10,19.00,18665000
OGXP3,2011-03-11,18.89,14782400
OGXP3,2011-03-14,19.05,7016800
OGXP3,2011-03-15,18.80,16039800
OGXP3,2011-03-16,18.76,20030700
OGXP3,2011-03-17,18.73,9020200
OGXP3,2011-03-18,18.90,13504800
OGXP3,2011-03-21,18.00,7814200
OGXP3,2011-03-22,19.58,27226900
OGXP3,2011-03-23,19.57,15782100
OGXP3,2011-03-24,19.66,15047200
OGXP3,2011-03-25,19.86,10942100
OGXP3,2011-03-28,19.65,12265200
OGXP3,2011-03-29,19.58,6975400
OGXP3,2011-03-30,19.76,9677800
OGXP3,2011-03-31,19.65,12341600
OGXP3,2011-04-01,19.30,18403400
OGXP3,2011-04-04,19.94,11564000
OGXP3,2011-04-05,20.27,14976700
OGXP3,2011-04-06,20.14,11456400
OGXP3,2011-04-07,20.65,10424700
OGXP3,2011-04-08,20.55,11923300
OGXP3,2011-04-11,19.90,17738200
OGXP3,2011-04-12,19.30,19552000
OGXP3,2011-04-13,19.15,22896300
OGXP3,2011-04-14,19.05,18574000
OGXP3,2011-04-15,19.65,26395000
OGXP3,2011-04-19,17.05,43661700
OGXP3,2011-04-20,18.00,29847500
OGXP3,2011-04-25,17.65,11788300
OGXP3,2011-04-26,17.15,16924700
OGXP3,2011-04-27,16.39,30611000
OGXP3,2011-04-28,16.60,67081700
OGXP3,2011-04-29,16.89,25772700
OGXP3,2011-05-02,16.39,20034000
OGXP3,2011-05-03,15.88,22179400
OGXP3,2011-05-04,15.20,24977000
OGXP3,2011-05-05,14.55,33498100
OGXP3,2011-05-06,14.70,28489900
OGXP3,2011-05-09,14.75,6500
OGXP3,2011-05-11,14.27,23815300
OGXP3,2011-05-12,13.95,28682100
OGXP3,2011-05-13,14.21,36596800
OGXP3,2011-05-17,14.92,27349200
OGXP3,2011-05-18,14.90,30716700
OGXP3,2011-05-19,14.63,25776600
OGXP3,2011-05-20,14.55,15816300
OGXP3,2011-05-23,14.69,15364300
OGXP3,2011-05-24,15.00,15220600
OGXP3,2011-05-25,15.00,17651500
OGXP3,2011-05-26,15.51,27705400
OGXP3,2011-05-27,15.85,18005200
OGXP3,2011-05-30,15.80,5515600
OGXP3,2011-05-31,16.06,19930700
OGXP3,2011-06-01,15.12,15375300
OGXP3,2011-06-02,15.58,17666300
OGXP3,2011-06-03,15.78,15384900
OGXP3,2011-06-06,15.18,12959600
OGXP3,2011-06-07,15.51,14642300
OGXP3,2011-06-08,15.40,14254500
OGXP3,2011-06-09,15.41,9216300
OGXP3,2011-06-10,15.10,14159900
OGXP3,2011-06-13,14.80,11871800
OGXP3,2011-06-14,14.56,14008700
OGXP3,2011-06-15,14.15,22192900
OGXP3,2011-06-16,13.77,23505900
OGXP3,2011-06-17,14.29,21809500
OGXP3,2011-06-20,14.10,32483600
OGXP3,2011-06-21,14.50,18189900
OGXP3,2011-06-22,14.35,12466000
OGXP3,2011-06-24,14.47,14070800
OGXP3,2011-06-27,14.31,12966600
OGXP3,2011-06-28,14.46,17033400
OGXP3,2011-06-29,14.53,19255200
OGXP3,2011-06-30,14.59,10855500
OGXP3,2011-07-01,15.10,15977700
OGXP3,2011-07-04,15.39,5981500
OGXP3,2011-07-05,15.08,12527200
OGXP3,2011-07-06,15.00,12470400
OGXP3,2011-07-07,15.08,12085200
OGXP3,2011-07-08,14.82,8900100
OGXP3,2011-07-11,14.37,13277300
OGXP3,2011-07-12,14.09,12795000
OGXP3,2011-07-13,14.12,17541900
OGXP3,2011-07-14,13.73,21584600
OGXP3,2011-07-15,13.90,22400100
OGXP3,2011-07-18,13.57,19656100
OGXP3,2011-07-19,13.60,11761300
OGXP3,2011-07-20,14.01,16424900
OGXP3,2011-07-21,14.14,13695800
OGXP3,2011-07-22,13.93,12200900
OGXP3,2011-07-25,13.70,15976500
OGXP3,2011-07-26,13.10,28282600
OGXP3,2011-07-27,12.55,30747700
OGXP3,2011-07-28,12.89,20181300
OGXP3,2011-07-29,12.92,18228500
OGXP3,2011-08-01,12.75,15271500
OGXP3,2011-08-02,12.55,16611400
OGXP3,2011-08-03,12.00,36421300
OGXP3,2011-08-04,11.00,36144500
OGXP3,2011-08-05,11.00,44861700
OGXP3,2011-08-08,9.20,55778300
OGXP3,2011-08-09,10.36,50758700
OGXP3,2011-08-10,10.55,35186700
OGXP3,2011-08-11,10.83,33627400
OGXP3,2011-08-12,11.16,24312800
OGXP3,2011-08-15,11.53,20412600
OGXP3,2011-08-16,11.53,19742400
OGXP3,2011-08-17,11.57,20321300
OGXP3,2011-08-18,10.90,30142900
OGXP3,2011-08-19,10.78,21468200
OGXP3,2011-08-22,10.46,20185900
OGXP3,2011-08-23,10.84,25755000
OGXP3,2011-08-24,10.83,26272600
OGXP3,2011-08-25,10.64,18817000
OGXP3,2011-08-26,10.85,20038900
OGXP3,2011-08-29,11.16,14755300
OGXP3,2011-08-30,11.31,19001600
OGXP3,2011-08-31,11.47,21771500
OGXP3,2011-09-01,11.60,26465200
OGXP3,2011-09-02,11.49,34858000
OGXP3,2011-09-05,11.21,13004500
OGXP3,2011-09-06,11.60,19175700
OGXP3,2011-09-08,11.75,22006000
OGXP3,2011-09-09,10.91,29437500
OGXP3,2011-09-12,10.87,20812900
OGXP3,2011-09-13,11.03,22756800
OGXP3,2011-09-14,11.55,30742600
OGXP3,2011-09-15,11.66,20604600
OGXP3,2011-09-16,12.01,20254200
OGXP3,2011-09-19,12.10,20696200
OGXP3,2011-09-20,12.35,36261800
OGXP3,2011-09-21,12.40,27869000
OGXP3,2011-09-22,11.58,27779000
OGXP3,2011-09-23,11.71,20314400
OGXP3,2011-09-26,12.04,20087100
OGXP3,2011-09-27,12.10,22730700
OGXP3,2011-09-28,11.96,25292400
OGXP3,2011-09-29,12.09,17883800
OGXP3,2011-09-30,11.50,18614700
OGXP3,2011-10-03,10.95,20256800
OGXP3,2011-10-04,10.80,43123400
OGXP3,2011-10-05,10.80,22401800
OGXP3,2011-10-06,11.28,21690900
OGXP3,2011-10-07,11.38,29865600
OGXP3,2011-10-10,11.92,16109700
OGXP3,2011-10-11,12.29,28973400
OGXP3,2011-10-13,12.35,30364000
OGXP3,2011-10-14,12.35,26193000
OGXP3,2011-10-17,11.92,27874900
OGXP3,2011-10-18,12.70,30889500
OGXP3,2011-10-19,12.88,23822100
OGXP3,2011-10-20,12.74,16714200
OGXP3,2011-10-21,13.24,27990900
OGXP3,2011-10-28,14.80,19578300
OGXP3,2011-10-31,14.20,17160700
OGXP3,2011-11-01,13.95,25527300
OGXP3,2011-11-03,14.18,13666900
OGXP3,2011-11-04,14.23,11593000
OGXP3,2011-11-07,14.55,11907400
OGXP3,2011-11-08,14.42,11610200
OGXP3,2011-11-09,13.95,17435400
OGXP3,2011-11-11,13.99,12945200
OGXP3,2011-11-14,13.83,8051800
OGXP3,2011-11-16,14.04,15554200
OGXP3,2011-11-17,13.90,13701600
OGXP3,2011-11-18,13.90,12054900
OGXP3,2011-11-21,13.78,15753700
OGXP3,2011-11-22,14.03,15027700
OGXP3,2011-11-23,13.95,15898900
OGXP3,2011-11-24,13.82,7162500
OGXP3,2011-11-25,13.70,8571800
OGXP3,2011-11-28,13.92,9509300
OGXP3,2011-11-29,13.68,15913600
OGXP3,2011-11-30,13.96,24259800
OGXP3,2011-12-01,14.08,11901800
OGXP3,2011-12-02,14.10,10040600
OGXP3,2011-12-05,14.35,14641200
OGXP3,2011-12-06,14.75,13074300
OGXP3,2011-12-07,14.70,14452100
OGXP3,2011-12-08,14.41,15741500
OGXP3,2011-12-09,14.60,12170100
OGXP3,2011-12-13,14.22,16824500
OGXP3,2011-12-14,13.69,30813900
OGXP3,2011-12-15,13.36,17911900
OGXP3,2011-12-16,12.95,19198400
OGXP3,2011-12-19,12.77,28160900
OGXP3,2011-12-20,13.65,16529200
OGXP3,2011-12-21,13.33,12760300
OGXP3,2011-12-22,13.67,8209500
OGXP3,2011-12-23,13.79,21541100
OGXP3,2011-12-26,13.78,1932200
OGXP3,2011-12-27,14.00,8921300
OGXP3,2011-12-28,13.76,8596900
OGXP3,2011-12-29,13.62,15263200
OGXP3,2011-12-30,13.62,0
OGXP3,2012-01-02,13.75,13165900
OGXP3,2012-01-03,13.94,15853300
OGXP3,2012-01-04,13.93,12091700
OGXP3,2012-01-05,13.60,15397600
OGXP3,2012-01-06,13.55,15031300
OGXP3,2012-01-09,13.74,9643600
OGXP3,2012-01-10,13.98,13608400
OGXP3,2012-01-11,14.23,12557500
OGXP3,2012-01-12,14.26,12621700
OGXP3,2012-01-13,14.16,13977000
OGXP3,2012-01-16,14.98,30392600
OGXP3,2012-01-18,15.89,26217300
OGXP3,2012-01-19,15.54,20505100
OGXP3,2012-01-20,15.64,12094900
OGXP3,2012-01-23,15.65,10200000
OGXP3,2012-01-24,15.83,14336900
OGXP3,2012-01-25,15.83,0
OGXP3,2012-01-26,16.00,20910300
OGXP3,2012-01-27,16.05,12622700
OGXP3,2012-01-30,16.15,17738900
OGXP3,2012-01-31,16.55,32106500
OGXP3,2012-02-01,17.49,41797800
OGXP3,2012-02-02,17.03,22590400
OGXP3,2012-02-03,17.30,17354200
OGXP3,2012-02-06,17.26,9788600
OGXP3,2012-02-07,17.46,12485400
OGXP3,2012-02-08,17.31,13654400
OGXP3,2012-02-09,17.30,12711600
OGXP3,2012-02-10,16.82,18213400
OGXP3,2012-02-13,16.82,0
OGXP3,2012-02-14,17.26,11609600
OGXP3,2012-02-15,17.25,16722700
OGXP3,2012-02-16,17.30,16921400
OGXP3,2012-02-17,17.65,12328800
OGXP3,2012-02-20,17.65,0
OGXP3,2012-02-21,17.65,0
OGXP3,2012-02-22,18.05,12368300
OGXP3,2012-02-23,18.21,18688400
OGXP3,2012-02-24,18.18,11588200
OGXP3,2012-02-27,17.70,12041900
OGXP3,2012-02-28,17.15,28512800
OGXP3,2012-02-29,17.00,18929700
OGXP3,2012-03-01,17.18,18732100
OGXP3,2012-03-02,17.43,14732100
OGXP3,2012-03-05,17.26,10224300
OGXP3,2012-03-06,16.91,13191500
OGXP3,2012-03-07,17.11,11169800
OGXP3,2012-03-08,16.99,18405000
OGXP3,2012-03-09,16.83,14996400
OGXP3,2012-03-12,16.67,10313700
OGXP3,2012-03-13,17.13,22110400
OGXP3,2012-03-14,17.07,18808000
OGXP3,2012-03-15,17.00,12335300
OGXP3,2012-03-16,17.01,9099100
OGXP3,2012-03-19,17.01,0
OGXP3,2012-03-20,17.02,10432600
OGXP3,2012-03-21,17.19,8242500
OGXP3,2012-03-22,16.99,10882100
OGXP3,2012-03-23,16.22,27965100
OGXP3,2012-03-26,15.83,19010800
OGXP3,2012-03-27,15.28,20060500
OGXP3,2012-03-28,15.28,23285200
OGXP3,2012-03-29,15.44,20186500
OGXP3,2012-03-30,15.10,19419500
OGXP3,2012-04-02,15.20,13100200
OGXP3,2012-04-03,14.35,37000400
OGXP3,2012-04-04,14.15,20217400
OGXP3,2012-04-05,14.64,20777900
OGXP3,2012-04-06,14.64,0
OGXP3,2012-04-09,14.19,13079400
OGXP3,2012-04-10,13.16,40918300
OGXP3,2012-04-11,13.29,30505800
OGXP3,2012-04-12,14.02,28715900
OGXP3,2012-04-13,14.00,30949400
OGXP3,2012-04-16,13.83,23403300
OGXP3,2012-04-17,13.82,21567400
OGXP3,2012-04-18,13.44,21051400
OGXP3,2012-04-19,12.96,24215700
OGXP3,2012-04-20,13.11,16342900
OGXP3,2012-04-23,13.05,22697200
OGXP3,2012-04-24,13.01,10924300
OGXP3,2012-04-25,13.83,25025900
OGXP3,2012-04-26,13.98,22823600
OGXP3,2012-04-27,13.51,13191000
OGXP3,2012-04-30,13.23,12302200
OGXP3,2012-05-01,13.23,0
OGXP3,2012-05-02,14.00,24041500
OGXP3,2012-05-03,13.75,19548600
OGXP3,2012-05-04,13.57,20675400
OGXP3,2012-05-07,13.98,17506400
OGXP3,2012-05-08,13.67,19391400
OGXP3,2012-05-09,13.30,12411800
OGXP3,2012-05-10,13.68,15650000
OGXP3,2012-05-11,13.59,11035500
OGXP3,2012-05-14,13.05,15333500
OGXP3,2012-05-15,12.03,39744700
OGXP3,2012-05-16,11.62,40356600
OGXP3,2012-05-17,10.97,31412500
OGXP3,2012-05-18,11.53,34826700
OGXP3,2012-05-21,11.53,0
OGXP3,2012-05-22,11.18,27881000
OGXP3,2012-05-23,11.51,35345600
OGXP3,2012-05-24,11.11,25872200
OGXP3,2012-05-25,11.10,17278500
OGXP3,2012-05-28,11.42,10340400
OGXP3,2012-05-29,11.36,17515100
OGXP3,2012-05-30,10.41,28824700
OGXP3,2012-05-31,10.30,37895100
OGXP3,2012-06-01,9.69,28524100
OGXP3,2012-06-04,9.80,18084400
OGXP3,2012-06-05,9.19,25307600
OGXP3,2012-06-06,10.06,45905100
OGXP3,2012-06-07,10.06,0
OGXP3,2012-06-08,10.14,25978500
OGXP3,2012-06-11,9.39,29733600
OGXP3,2012-06-12,9.43,43502900
OGXP3,2012-06-13,9.69,41685400
OGXP3,2012-06-14,9.44,37817600
OGXP3,2012-06-15,9.98,27173400
OGXP3,2012-06-18,9.98,0
OGXP3,2012-06-19,10.20,26357500
OGXP3,2012-06-20,9.75,40404900
OGXP3,2012-06-21,9.20,25162700
OGXP3,2012-06-22,9.25,20987600
OGXP3,2012-06-25,8.70,26904700
OGXP3,2012-06-26,8.37,29519200
OGXP3,2012-06-27,6.25,187566000
OGXP3,2012-06-28,5.05,148267700
OGXP3,2012-06-29,5.50,104887000
OGXP3,2012-07-02,6.30,96905400
OGXP3,2012-07-03,6.10,103959700
OGXP3,2012-07-04,6.28,47590200
OGXP3,2012-07-05,6.13,54281200
OGXP3,2012-07-06,6.10,37956000
OGXP3,2012-07-09,6.10,0
OGXP3,2012-07-10,5.95,36583800
OGXP3,2012-07-11,5.91,33349000
OGXP3,2012-07-12,5.64,42051200
OGXP3,2012-07-13,5.82,35041800
OGXP3,2012-07-16,5.82,0
OGXP3,2012-07-17,5.59,36215700
OGXP3,2012-07-18,5.67,27811000
OGXP3,2012-07-19,5.70,37031500
OGXP3,2012-07-20,5.45,24119000
OGXP3,2012-07-23,5.25,32391300
OGXP3,2012-07-24,5.10,25166100
OGXP3,2012-07-25,5.03,20946900
OGXP3,2012-07-26,5.10,32225500
OGXP3,2012-07-27,5.75,52744900
OGXP3,2012-07-30,5.82,35093200
OGXP3,2012-07-31,5.65,26021700
OGXP3,2012-08-01,5.76,24151700
OGXP3,2012-08-02,5.58,19822700
OGXP3,2012-08-03,5.75,22835200
OGXP3,2012-08-06,6.15,33865500
OGXP3,2012-08-07,6.08,32164500
OGXP3,2012-08-08,6.19,27377900
OGXP3,2012-08-09,6.36,28283500
OGXP3,2012-08-10,6.20,26503600
OGXP3,2012-08-13,6.25,16846300
OGXP3,2012-08-14,6.19,23026000
OGXP3,2012-08-15,5.95,51686900
OGXP3,2012-08-16,6.23,24519800
OGXP3,2012-08-17,6.25,22310600
OGXP3,2012-08-20,6.25,0
OGXP3,2012-08-21,6.50,32472900
OGXP3,2012-08-22,6.72,25071000
OGXP3,2012-08-23,6.52,31606800
OGXP3,2012-08-24,6.40,23596900
OGXP3,2012-08-27,6.47,17677100
OGXP3,2012-08-28,6.55,20364600
OGXP3,2012-08-29,6.00,76523200
OGXP3,2012-08-30,6.01,33896800
OGXP3,2012-08-31,6.30,85607100
OGXP3,2012-09-03,6.25,28578900
OGXP3,2012-09-04,6.23,43592400
OGXP3,2012-09-05,6.16,25454900
OGXP3,2012-09-06,6.33,27260400
OGXP3,2012-09-07,6.33,0
OGXP3,2012-09-10,6.22,20875100
OGXP3,2012-09-11,6.48,26247500
OGXP3,2012-09-12,6.61,31207700
OGXP3,2012-09-13,6.93,49511900
OGXP3,2012-09-14,6.50,45965300
OGXP3,2012-09-17,6.46,29776800
OGXP3,2012-09-18,6.44,23832500
OGXP3,2012-09-19,6.57,36946200
OGXP3,2012-09-20,6.38,32729600
OGXP3,2012-09-21,6.31,20168600
OGXP3,2012-09-24,6.63,31771100
OGXP3,2012-09-25,6.44,25905600
OGXP3,2012-09-26,6.35,21845700
OGXP3,2012-09-27,6.42,18252900
OGXP3,2012-09-28,6.15,27140100
OGXP3,2012-10-01,5.99,28636600
OGXP3,2012-10-02,5.80,30316900
OGXP3,2012-10-03,5.86,41698400
OGXP3,2012-10-04,5.76,28179300
OGXP3,2012-10-05,5.55,30598700
OGXP3,2012-10-08,5.71,23379100
OGXP3,2012-10-09,5.76,25966400
OGXP3,2012-10-10,5.59,35687600
OGXP3,2012-10-15,5.71,38547900
OGXP3,2012-10-16,5.47,31489500
OGXP3,2012-10-17,5.57,31244100
OGXP3,2012-10-18,5.24,49284300
OGXP3,2012-10-19,5.27,43341700
OGXP3,2012-10-22,5.05,49040800
OGXP3,2012-10-23,5.02,48696700
OGXP3,2012-10-24,4.63,44083300
OGXP3,2012-10-25,4.75,68569900
OGXP3,2012-10-26,4.49,66852600
OGXP3,2012-10-29,4.61,42898900
OGXP3,2012-10-30,4.78,35803500
OGXP3,2012-10-31,4.71,44441700
OGXP3,2012-11-01,4.87,24627800
OGXP3,2012-11-02,4.87,0
OGXP3,2012-11-05,4.71,35094200
OGXP3,2012-11-06,5.00,49550100
OGXP3,2012-11-07,4.78,36746900
OGXP3,2012-11-08,4.77,25901600
OGXP3,2012-11-09,4.85,56606500
OGXP3,2012-11-12,4.90,27420600
OGXP3,2012-11-13,4.78,33927200
OGXP3,2012-11-14,4.60,46478300
OGXP3,2012-11-15,4.60,0
OGXP3,2012-11-16,4.55,35995200
OGXP3,2012-11-19,4.89,48331400
OGXP3,2012-11-20,4.89,0
OGXP3,2012-11-21,4.65,54949300
OGXP3,2012-11-22,4.83,40924100
OGXP3,2012-11-26,4.61,36686400
OGXP3,2012-11-27,4.44,40108100
OGXP3,2012-11-28,4.41,27615500
OGXP3,2012-11-29,4.48,24626200
OGXP3,2012-11-30,4.34,30119100
OGXP3,2012-12-03,4.35,23183900
OGXP3,2012-12-04,4.29,30263000
OGXP3,2012-12-05,4.42,41055600
OGXP3,2012-12-06,4.37,23128500
OGXP3,2012-12-07,4.45,25951800
OGXP3,2012-12-10,4.84,56979400
OGXP3,2012-12-11,4.70,60087900
OGXP3,2012-12-12,4.73,58784800
OGXP3,2012-12-13,4.68,45343100
OGXP3,2012-12-14,4.55,28371800
OGXP3,2012-12-17,4.31,50436400
OGXP3,2012-12-18,4.33,64832900
OGXP3,2012-12-19,4.26,56245700
OGXP3,2012-12-20,4.28,29996200
OGXP3,2012-12-21,4.25,32928200
OGXP3,2012-12-24,4.25,0
OGXP3,2012-12-25,4.25,0
OGXP3,2012-12-26,4.38,21760100
OGXP3,2012-12-27,4.32,22824600
OGXP3,2012-12-28,4.38,16249100
OGXP3,2012-12-31,4.38,0
OGXP3,2013-01-01,4.38,0
OGXP3,2013-01-02,4.76,45904000
OGXP3,2013-01-03,4.90,38143400
OGXP3,2013-01-04,4.97,115327300
OGXP3,2013-01-07,5.05,72014000
OGXP3,2013-01-08,4.83,65151300
OGXP3,2013-01-09,4.82,34049700
OGXP3,2013-01-10,4.99,81354700
OGXP3,2013-01-11,5.17,56961400
OGXP3,2013-01-14,5.35,79074400
OGXP3,2013-01-15,5.20,56875100
OGXP3,2013-01-16,5.20,33948700
OGXP3,2013-01-17,4.99,56447600
OGXP3,2013-01-18,4.95,31090700
OGXP3,2013-01-21,4.93,27614100
OGXP3,2013-01-22,4.77,34054400
OGXP3,2013-01-23,4.97,36080200
OGXP3,2013-01-24,4.82,29429200
OGXP3,2013-01-25,4.82,0
OGXP3,2013-01-28,4.67,30917500
OGXP3,2013-01-29,4.74,36432900
OGXP3,2013-01-30,4.37,71975500
OGXP3,2013-01-31,4.10,125062900
OGXP3,2013-02-01,4.15,51357000
OGXP3,2013-02-04,4.02,49439100
OGXP3,2013-02-05,3.77,67605300
OGXP3,2013-02-06,3.71,84920500
OGXP3,2013-02-07,3.78,63046500
OGXP3,2013-02-08,3.83,40058800
OGXP3,2013-02-11,3.83,0
OGXP3,2013-02-12,3.83,0
OGXP3,2013-02-13,3.77,30977600
OGXP3,2013-02-14,3.70,22257100
OGXP3,2013-02-15,3.46,48822100
OGXP3,2013-02-18,3.31,52619800
OGXP3,2013-02-19,3.15,76452900
OGXP3,2013-02-20,3.22,134003500
OGXP3,2013-02-21,3.60,111367400
OGXP3,2013-02-22,3.59,116131300
OGXP3,2013-02-25,3.27,75764600
OGXP3,2013-02-26,3.40,98753600
PETR4,2010-01-04,37.32,13303600
PETR4,2010-01-05,37.00,21396400
PETR4,2010-01-06,37.50,18720600
PETR4,2010-01-07,37.15,10964600
PETR4,2010-01-08,36.95,14624200
PETR4,2010-01-11,36.83,15317700
PETR4,2010-01-12,36.36,14886200
PETR4,2010-01-13,36.30,23228200
PETR4,2010-01-14,35.67,20073400
PETR4,2010-01-15,35.75,21169000
PETR4,2010-01-18,36.55,23168400
PETR4,2010-01-19,36.38,16895900
PETR4,2010-01-20,35.45,18757500
PETR4,2010-01-21,34.33,24553000
PETR4,2010-01-22,34.75,19025100
PETR4,2010-01-26,33.90,20281200
PETR4,2010-01-27,34.11,19908600
PETR4,2010-01-28,34.61,13819200
PETR4,2010-01-29,34.17,16106700
PETR4,2010-02-01,34.30,15869300
PETR4,2010-02-02,34.10,15289600
PETR4,2010-02-03,34.04,16091200
PETR4,2010-02-04,32.30,24280300
PETR4,2010-02-05,31.52,29033800
PETR4,2010-02-08,31.74,18684700
PETR4,2010-02-09,32.24,18104200
PETR4,2010-02-10,32.64,21909900
PETR4,2010-02-11,33.36,24110900
PETR4,2010-02-12,33.80,19127100
PETR4,2010-02-17,34.25,16622400
PETR4,2010-02-18,34.69,17017800
PETR4,2010-02-19,34.35,11889400
PETR4,2010-02-22,34.65,19817500
PETR4,2010-02-23,34.19,16937500
PETR4,2010-02-24,33.94,13563100
PETR4,2010-02-25,34.38,18650100
PETR4,2010-02-26,34.61,17804300
PETR4,2010-03-01,34.93,16959300
PETR4,2010-03-02,35.12,17108100
PETR4,2010-03-03,35.15,19957600
PETR4,2010-03-04,35.20,14068900
PETR4,2010-03-05,35.81,28235000
PETR4,2010-03-08,35.70,15902100
PETR4,2010-03-09,36.50,68696600
PETR4,2010-03-10,37.00,32196400
PETR4,2010-03-11,37.05,19449600
PETR4,2010-03-12,37.06,13940300
PETR4,2010-03-15,36.77,19839600
PETR4,2010-03-16,37.21,12807500
PETR4,2010-03-17,37.15,10298100
PETR4,2010-03-18,37.02,12061700
PETR4,2010-03-19,36.23,24306500
PETR4,2010-03-22,36.24,13489200
PETR4,2010-03-23,35.82,17207000
PETR4,2010-03-24,36.09,18683500
PETR4,2010-03-25,35.20,17698800
PETR4,2010-03-26,34.50,28820300
PETR4,2010-03-29,34.90,19312800
PETR4,2010-03-30,34.80,12365900
PETR4,2010-03-31,35.39,16551700
PETR4,2010-04-01,35.75,13721900
PETR4,2010-04-05,36.01,12120300
PETR4,2010-04-06,36.08,13410200
PETR4,2010-04-07,35.80,15079400
PETR4,2010-04-08,35.81,13552100
PETR4,2010-04-09,35.23,17017800
PETR4,2010-04-12,34.39,29883800
PETR4,2010-04-13,34.19,19661600
PETR4,2010-04-14,34.25,17377900
PETR4,2010-04-15,33.60,43408800
PETR4,2010-04-16,32.95,48889400
PETR4,2010-04-19,33.55,23996300
PETR4,2010-04-20,34.30,22158800
PETR4,2010-04-22,33.86,19873300
PETR4,2010-04-23,34.00,12312800
PETR4,2010-04-26,33.31,13810200
PETR4,2010-04-27,32.10,23019700
PETR4,2010-04-28,32.39,17380900
PETR4,2010-04-29,33.02,11932800
PETR4,2010-04-30,32.80,15687800
PETR4,2010-05-03,31.50,28849400
PETR4,2010-05-04,30.44,39268400
PETR4,2010-05-05,30.21,29471100
PETR4,2010-05-06,29.74,32015500
PETR4,2010-05-07,29.75,24546000
PETR4,2010-05-10,30.15,20988100
PETR4,2010-05-11,29.62,17334600
PETR4,2010-05-12,29.90,15380800
PETR4,2010-05-13,30.00,16122900
PETR4,2010-05-14,30.09,24270200
PETR4,2010-05-17,29.85,26530800
PETR4,2010-05-18,29.22,17679200
PETR4,2010-05-19,28.55,25227200
PETR4,2010-05-20,27.62,24145500
PETR4,2010-05-21,27.58,28529000
PETR4,2010-05-24,27.15,14996100
PETR4,2010-05-25,26.55,24219500
PETR4,2010-05-26,27.05,20468900
PETR4,2010-05-27,27.81,18332900
PETR4,2010-05-31,29.60,14270600
PETR4,2010-06-01,28.65,25987900
PETR4,2010-06-02,29.10,13859300
PETR4,2010-06-04,29.25,15178000
PETR4,2010-06-07,29.52,16452000
PETR4,2010-06-08,29.66,16120800
PETR4,2010-06-09,29.55,20135000
PETR4,2010-06-10,29.90,17889600
PETR4,2010-06-11,29.62,11613900
PETR4,2010-06-14,29.05,15282500
PETR4,2010-06-15,29.00,12607800
PETR4,2010-06-16,29.65,24436900
PETR4,2010-06-17,29.52,15576800
PETR4,2010-06-18,29.49,12366200
PETR4,2010-06-21,29.40,23758300
PETR4,2010-06-22,29.11,19578200
PETR4,2010-06-23,28.50,24118000
PETR4,2010-06-24,27.49,21828900
PETR4,2010-06-25,27.91,10738000
PETR4,2010-06-28,27.42,7278900
PETR4,2010-06-29,26.83,16290900
PETR4,2010-06-30,26.86,18010900
PETR4,2010-07-01,26.45,18632300
PETR4,2010-07-02,26.77,10088300
PETR4,2010-07-05,26.54,6883900
PETR4,2010-07-06,27.05,15896300
PETR4,2010-07-07,27.40,16555400
PETR4,2010-07-08,27.58,10498100
PETR4,2010-07-12,27.23,9365000
PETR4,2010-07-13,27.30,12667200
PETR4,2010-07-14,27.30,11099800
PETR4,2010-07-15,27.11,7914000
PETR4,2010-07-16,26.84,9806100
PETR4,2010-07-19,26.95,12468700
PETR4,2010-07-20,27.65,16035400
PETR4,2010-07-21,27.50,11651800
PETR4,2010-07-22,27.98,13382700
PETR4,2010-07-23,27.79,12762200
PETR4,2010-07-26,27.90,7666200
PETR4,2010-07-27,27.98,10359400
PETR4,2010-07-28,27.80,11317300
PETR4,2010-07-29,27.74,10324200
PETR4,2010-07-30,27.85,12928700
PETR4,2010-08-02,28.44,17740200
PETR4,2010-08-03,29.08,24018500
PETR4,2010-08-04,29.34,20894700
PETR4,2010-08-05,29.43,11125200
PETR4,2010-08-06,29.02,11196700
PETR4,2010-08-09,28.83,10274900
PETR4,2010-08-10,28.41,16439600
PETR4,2010-08-11,27.50,16895900
PETR4,2010-08-12,27.53,13560300
PETR4,2010-08-13,27.66,12344200
PETR4,2010-08-16,27.61,15292800
PETR4,2010-08-17,28.30,15546700
PETR4,2010-08-18,27.90,20458600
PETR4,2010-08-19,26.78,26365800
PETR4,2010-08-20,26.78,17204600
PETR4,2010-08-23,26.66,10445000
PETR4,2010-08-24,26.14,15741900
PETR4,2010-08-25,26.08,21490600
PETR4,2010-08-26,25.70,22021900
PETR4,2010-08-27,26.56,14878800
PETR4,2010-08-30,25.45,22067300
PETR4,2010-08-31,26.06,15881100
PETR4,2010-09-01,27.03,19359200
PETR4,2010-09-02,27.60,26761400
PETR4,2010-09-03,28.80,46190200
PETR4,2010-09-06,29.09,19635800
PETR4,2010-09-08,27.83,32338400
PETR4,2010-09-09,27.41,20191800
PETR4,2010-09-10,27.52,16665300
PETR4,2010-09-13,28.30,24171200
PETR4,2010-09-14,26.85,39196800
PETR4,2010-09-15,26.45,40928700
PETR4,2010-09-16,26.36,20305300
PETR4,2010-09-17,26.44,18012500
PETR4,2010-09-20,27.10,26848600
PETR4,2010-09-21,26.35,28615300
PETR4,2010-09-22,25.98,43614700
PETR4,2010-09-23,26.80,55285600
PETR4,2010-09-24,26.30,85873800
PETR4,2010-09-27,26.50,57987900
PETR4,2010-09-28,26.70,34634300
PETR4,2010-09-29,27.50,77343700
PETR4,2010-09-30,27.50,35419800
PETR4,2010-10-01,27.50,22431100
PETR4,2010-10-04,27.38,25001100
PETR4,2010-10-05,26.98,42377800
PETR4,2010-10-06,25.86,67569200
PETR4,2010-10-07,25.30,59209700
PETR4,2010-10-08,26.00,32670900
PETR4,2010-10-11,25.85,14338300
PETR4,2010-10-13,25.71,30156000
PETR4,2010-10-14,26.44,40386400
PETR4,2010-10-15,26.29,26691200
PETR4,2010-10-18,26.40,28001900
PETR4,2010-10-19,25.28,31746200
PETR4,2010-10-20,24.99,30872600
PETR4,2010-10-21,24.16,44679400
PETR4,2010-10-22,24.21,28738200
PETR4,2010-10-25,24.57,21647100
PETR4,2010-10-26,25.85,46812400
PETR4,2010-10-27,26.19,56750100
PETR4,2010-10-28,26.26,36697700
PETR4,2010-10-29,25.85,31585700
PETR4,2010-11-01,26.49,22132600
PETR4,2010-11-03,27.00,36288300
PETR4,2010-11-04,27.50,32455000
PETR4,2010-11-05,27.25,16761300
PETR4,2010-11-08,27.53,25051600
PETR4,2010-11-09,27.12,20757700
PETR4,2010-11-10,27.13,21229300
PETR4,2010-11-11,26.72,27355900
PETR4,2010-11-12,25.85,41525500
PETR4,2010-11-16,25.40,32183100
PETR4,2010-11-17,25.45,16842600
PETR4,2010-11-18,25.90,24640000
PETR4,2010-11-19,25.70,16481500
PETR4,2010-11-22,25.06,19249900
PETR4,2010-11-23,24.65,27569300
PETR4,2010-11-24,25.24,23972500
PETR4,2010-11-25,24.85,8896300
PETR4,2010-11-26,24.60,17078100
PETR4,2010-11-29,24.70,18657100
PETR4,2010-11-30,24.59,28357900
PETR4,2010-12-01,25.26,22328400
PETR4,2010-12-02,25.40,19060800
PETR4,2010-12-03,25.70,15838500
PETR4,2010-12-06,25.86,17859600
PETR4,2010-12-07,25.35,27050000
PETR4,2010-12-08,25.00,21494200
PETR4,2010-12-09,25.40,21341600
PETR4,2010-12-10,25.70,14107600
PETR4,2010-12-13,25.91,16896400
PETR4,2010-12-14,25.83,15664600
PETR4,2010-12-15,25.37,23538200
PETR4,2010-12-16,25.35,15651800
PETR4,2010-12-17,25.94,17747100
PETR4,2010-12-20,25.57,31823100
PETR4,2010-12-21,25.77,16018600
PETR4,2010-12-22,25.72,11576500
PETR4,2010-12-23,25.75,12437000
PETR4,2010-12-27,26.05,12045200
PETR4,2010-12-28,26.66,21577300
PETR4,2010-12-29,26.97,20295300
PETR4,2010-12-30,27.29,29619400
PETR4,2011-01-03,27.00,22738500
PETR4,2011-01-04,26.90,30936600
PETR4,2011-01-05,27.22,24306800
PETR4,2011-01-06,27.11,24328800
PETR4,2011-01-07,26.73,17453800
PETR4,2011-01-10,26.98,14366200
PETR4,2011-01-11,27.15,23190100
PETR4,2011-01-12,27.90,39193500
PETR4,2011-01-13,27.97,9677700
PETR4,2011-01-14,27.55,20220300
PETR4,2011-01-17,27.45,19288800
PETR4,2011-01-18,27.72,22139400
PETR4,2011-01-19,27.30,22631600
PETR4,2011-01-20,27.27,21486200
PETR4,2011-01-21,27.05,18127100
PETR4,2011-01-24,27.00,10765700
PETR4,2011-01-26,26.85,21421100
PETR4,2011-01-27,26.87,18552100
PETR4,2011-01-28,26.67,28037200
PETR4,2011-01-31,27.09,33947200
PETR4,2011-02-01,27.64,28782500
PETR4,2011-02-02,27.80,33156700
PETR4,2011-02-03,28.03,27639400
PETR4,2011-02-04,27.62,27702000
PETR4,2011-02-07,27.22,23873700
PETR4,2011-02-08,26.88,21000
PETR4,2011-02-11,26.40,19504200
PETR4,2011-02-14,26.75,18258200
PETR4,2011-02-15,26.97,27939600
PETR4,2011-02-16,27.31,24193500
PETR4,2011-02-17,27.25,19143600
PETR4,2011-02-18,27.37,16769000
PETR4,2011-02-21,27.40,22204200
PETR4,2011-02-22,27.77,36610900
PETR4,2011-02-23,28.71,62622100
PETR4,2011-02-25,28.60,27201000
PETR4,2011-02-28,28.58,28891100
PETR4,2011-03-01,28.29,26547900
PETR4,2011-03-02,28.90,25808400
PETR4,2011-03-03,28.96,17305300
PETR4,2011-03-04,29.08,21019800
PETR4,2011-03-10,28.12,22751200
PETR4,2011-03-11,28.17,20803900
PETR4,2011-03-14,28.28,13554000
PETR4,2011-03-15,28.04,22515300
PETR4,2011-03-16,27.78,33678600
PETR4,2011-03-17,28.08,16511000
PETR4,2011-03-18,27.90,21601100
PETR4,2011-03-21,28.13,28912600
PETR4,2011-03-22,28.33,23606200
PETR4,2011-03-24,28.43,12375400
PETR4,2011-03-25,28.69,15100
PETR4,2011-03-28,28.35,11432600
PETR4,2011-03-29,28.35,0
PETR4,2011-03-30,28.37,13888700
PETR4,2011-03-31,28.51,13903800
PETR4,2011-04-04,28.61,13522000
PETR4,2011-04-05,28.37,19729600
PETR4,2011-04-06,28.17,14652000
PETR4,2011-04-07,28.00,21872100
PETR4,2011-04-08,28.01,17515900
PETR4,2011-04-11,27.49,19399600
PETR4,2011-04-12,26.65,33535300
PETR4,2011-04-13,26.15,29953600
PETR4,2011-04-14,25.98,27489800
PETR4,2011-04-15,26.53,27267800
PETR4,2011-04-19,25.73,19327200
PETR4,2011-04-20,26.29,23575800
PETR4,2011-04-25,26.18,12867700
PETR4,2011-04-26,26.20,12082300
PETR4,2011-04-27,25.74,16820800
PETR4,2011-04-28,25.45,23904100
PETR4,2011-04-29,25.60,15923100
PETR4,2011-05-02,25.73,20830800
PETR4,2011-05-03,25.45,17841800
PETR4,2011-05-04,25.32,25541400
PETR4,2011-05-05,24.47,30998100
PETR4,2011-05-06,24.21,22917500
PETR4,2011-05-09,24.25,18694500
PETR4,2011-05-10,24.50,12702200
PETR4,2011-05-19,23.64,17706900
PETR4,2011-05-20,23.99,13950700
PETR4,2011-05-23,23.60,14783700
PETR4,2011-05-24,23.85,12793100
PETR4,2011-05-25,23.90,12385700
PETR4,2011-05-26,24.20,16766100
PETR4,2011-05-27,24.29,13755500
PETR4,2011-05-30,24.08,3555700
PETR4,2011-05-31,24.09,16156600
PETR4,2011-06-01,24.00,17885600
PETR4,2011-06-02,23.95,15748300
PETR4,2011-06-03,23.78,15337000
PETR4,2011-06-06,23.20,22018200
PETR4,2011-06-07,23.00,23231900
PETR4,2011-06-08,23.20,21767100
PETR4,2011-06-09,23.70,24521000
PETR4,2011-06-10,23.72,17587600
PETR4,2011-06-13,23.33,12131900
PETR4,2011-06-14,23.60,13525500
PETR4,2011-06-15,23.30,20599900
PETR4,2011-06-16,23.29,20161600
PETR4,2011-06-17,23.24,14191400
PETR4,2011-06-20,23.10,18966600
PETR4,2011-06-21,23.24,13510200
PETR4,2011-06-22,23.26,18615300
PETR4,2011-06-24,22.87,15977500
PETR4,2011-06-27,23.08,14955300
PETR4,2011-06-28,23.45,15753300
PETR4,2011-06-29,23.38,14142800
PETR4,2011-06-30,23.72,16079200
PETR4,2011-07-01,23.75,18199100
PETR4,2011-07-04,23.80,5652500
PETR4,2011-07-05,23.56,12717200
PETR4,2011-07-06,23.51,13117100
PETR4,2011-07-07,23.63,15371600
PETR4,2011-07-08,23.44,13559700
PETR4,2011-07-11,23.15,16582400
PETR4,2011-07-12,23.12,11835400
PETR4,2011-07-13,23.39,15336700
PETR4,2011-07-14,22.95,17235500
PETR4,2011-07-15,22.99,15777400
PETR4,2011-07-18,22.76,16322400
PETR4,2011-07-19,22.65,17100500
PETR4,2011-07-20,22.38,18924100
PETR4,2011-07-21,23.00,19067100
PETR4,2011-07-22,22.97,13483500
PETR4,2011-07-25,24.10,23400
PETR4,2011-07-26,23.66,25370300
PETR4,2011-07-27,23.59,22203700
PETR4,2011-07-28,23.50,17246400
PETR4,2011-08-17,20.87,18831300
PETR4,2011-08-18,20.30,25674000
PETR4,2011-08-19,19.70,23649000
PETR4,2011-08-22,19.65,17195200
PETR4,2011-08-23,20.16,21910500
PETR4,2011-08-24,20.23,18429000
PETR4,2011-08-25,19.86,19370500
PETR4,2011-08-26,19.90,17681100
PETR4,2011-08-29,20.49,16367300
PETR4,2011-08-30,20.55,16994500
PETR4,2011-08-31,20.80,26421000
PETR4,2011-09-01,21.04,21673300
PETR4,2011-09-02,20.37,24292000
PETR4,2011-09-05,20.03,9490100
PETR4,2011-09-06,20.47,21669700
PETR4,2011-09-08,20.66,16132000
PETR4,2011-09-09,20.15,19703400
PETR4,2011-09-12,20.34,16675800
PETR4,2011-09-13,20.32,14984400
PETR4,2011-09-14,20.52,19667800
PETR4,2011-09-15,20.55,12969800
PETR4,2011-09-16,20.65,13098300
PETR4,2011-09-19,20.80,20027100
PETR4,2011-09-20,20.60,14889000
PETR4,2011-09-21,20.60,19357600
PETR4,2011-09-22,19.50,31416900
PETR4,2011-09-23,19.16,17860700
PETR4,2011-09-26,19.78,17539800
PETR4,2011-09-27,19.55,15427000
PETR4,2011-09-28,19.35,15557500
PETR4,2011-09-29,19.40,15220700
PETR4,2011-09-30,19.10,20418900
PETR4,2011-10-03,18.41,28605200
PETR4,2011-10-04,18.55,29503700
PETR4,2011-10-05,18.21,20425100
PETR4,2011-10-06,18.85,27305500
PETR4,2011-10-07,18.30,21500100
PETR4,2011-10-10,18.91,17685700
PETR4,2011-10-11,19.16,29714600
PETR4,2011-10-13,19.39,27038100
PETR4,2011-10-14,19.64,20916800
PETR4,2011-10-17,19.30,22841200
PETR4,2011-10-18,19.45,22334400
PETR4,2011-10-19,19.23,16380200
PETR4,2011-10-20,18.82,17329400
PETR4,2011-10-21,19.27,18787300
PETR4,2011-10-28,21.58,30090200
PETR4,2011-10-31,21.32,30913100
PETR4,2011-11-01,21.13,27873500
PETR4,2011-11-03,21.92,24130000
PETR4,2011-11-04,22.10,19144700
PETR4,2011-11-07,22.68,25470000
PETR4,2011-11-08,22.41,22010000
PETR4,2011-11-09,21.46,27702000
PETR4,2011-11-11,21.96,16460800
PETR4,2011-11-14,21.92,12704300
PETR4,2011-11-16,22.11,20722500
PETR4,2011-11-17,21.52,22441400
PETR4,2011-11-18,21.75,20047400
PETR4,2011-11-21,21.80,33001100
PETR4,2011-11-22,21.68,19880400
PETR4,2011-11-23,21.57,16786000
PETR4,2011-11-24,21.67,10213300
PETR4,2011-11-25,21.01,18320800
PETR4,2011-11-28,21.50,14923300
PETR4,2011-11-29,21.41,18412100
PETR4,2011-11-30,22.05,29239500
PETR4,2011-12-01,22.52,22314900
PETR4,2011-12-02,22.53,17524400
PETR4,2011-12-05,22.97,19102500
PETR4,2011-12-06,23.32,17084200
PETR4,2011-12-07,23.29,18584500
PETR4,2011-12-08,22.52,25386200
PETR4,2011-12-09,23.02,17627000
PETR4,2011-12-13,22.42,22968900
PETR4,2011-12-14,21.82,32567700
PETR4,2011-12-15,21.51,24826000
PETR4,2011-12-16,21.30,21221600
PETR4,2011-12-19,21.12,18945100
PETR4,2011-12-20,22.10,24437600
PETR4,2011-12-21,21.92,18567300
PETR4,2011-12-22,22.15,14040300
PETR4,2011-12-23,22.22,9297500
PETR4,2011-12-26,22.17,2820600
PETR4,2011-12-27,22.20,9287300
PETR4,2011-12-28,21.43,15843300
PETR4,2011-12-29,21.49,21683800
PETR4,2012-01-02,21.73,20391300
PETR4,2012-01-03,22.41,22940500
PETR4,2012-01-04,22.57,18736900
PETR4,2012-01-05,22.31,19489000
PETR4,2012-01-06,22.33,13941000
PETR4,2012-01-09,22.63,14665100
PETR4,2012-01-10,22.90,21084100
PETR4,2012-01-11,22.91,19836100
PETR4,2012-01-12,23.08,28334400
PETR4,2012-01-13,23.05,27090600
PETR4,2012-01-16,23.65,29976400
PETR4,2012-01-18,24.37,25733500
PETR4,2012-01-19,24.21,22835300
PETR4,2012-01-20,24.22,16643000
PETR4,2012-01-23,25.13,36560200
PETR4,2012-01-24,25.40,37248200
PETR4,2012-01-26,24.92,30571700
PETR4,2012-01-27,24.67,17637100
PETR4,2012-01-30,24.57,16811800
PETR4,2012-01-31,24.57,28139600
PETR4,2012-02-01,24.95,24357500
PETR4,2012-02-02,24.53,26639600
PETR4,2012-02-03,24.61,20308300
PETR4,2012-02-06,24.86,14430800
PETR4,2012-02-07,25.60,29503300
PETR4,2012-02-08,25.43,24815600
PETR4,2012-02-09,25.50,23662100
PETR4,2012-02-10,23.50,88044000
PETR4,2012-02-14,23.21,41985300
PETR4,2012-02-15,23.10,40081300
PETR4,2012-02-16,23.88,36725000
PETR4,2012-02-17,24.05,24239300
PETR4,2012-02-22,23.89,17168500
PETR4,2012-02-23,23.92,20973800
PETR4,2012-02-24,24.48,23627900
PETR4,2012-02-27,24.35,30229700
PETR4,2012-02-28,24.33,23401800
PETR4,2012-02-29,24.31,23521600
PETR4,2012-03-01,24.88,18627700
PETR4,2012-03-02,25.30,20122000
PETR4,2012-03-05,24.59,22770000
PETR4,2012-03-06,23.75,25256500
PETR4,2012-03-07,23.98,16294900
PETR4,2012-03-08,24.09,13840600
PETR4,2012-03-09,23.71,14887900
PETR4,2012-03-12,23.43,13888100
PETR4,2012-03-13,24.43,27072800
PETR4,2012-03-14,24.83,34767400
PETR4,2012-03-15,24.22,26540100
PETR4,2012-03-16,24.35,38690500
PETR4,2012-03-20,24.27,17585500
PETR4,2012-03-21,24.11,12415400
PETR4,2012-03-22,23.80,16571800
PETR4,2012-03-23,23.70,16054200
PETR4,2012-03-26,24.21,14783400
PETR4,2012-03-27,23.80,20580800
PETR4,2012-03-28,23.39,19702600
PETR4,2012-03-29,23.32,23508000
PETR4,2012-03-30,23.35,17685300
PETR4,2012-04-02,23.23,17972500
PETR4,2012-04-03,22.55,20776300
PETR4,2012-04-04,21.76,23945600
PETR4,2012-04-05,22.00,20141600
PETR4,2012-04-09,21.59,14373800
PETR4,2012-04-10,21.19,19490700
PETR4,2012-04-11,21.35,24648400
PETR4,2012-04-12,22.01,19275600
PETR4,2012-04-13,21.67,19471700
PETR4,2012-04-16,21.51,16176700
PETR4,2012-04-17,21.58,16335600
PETR4,2012-04-18,21.76,23211800
PETR4,2012-04-19,21.45,11639800
PETR4,2012-04-20,21.46,8618900
PETR4,2012-04-23,21.28,15441000
PETR4,2012-04-24,21.24,13605300
PETR4,2012-04-25,21.13,26492000
PETR4,2012-04-26,21.24,22473600
PETR4,2012-04-27,20.93,14715700
PETR4,2012-04-30,21.29,16055600
PETR4,2012-05-02,22.00,27344800
PETR4,2012-05-03,21.40,22513100
PETR4,2012-05-04,20.48,38730900
PETR4,2012-05-07,20.58,23267200
PETR4,2012-05-08,20.26,23394000
PETR4,2012-05-09,20.16,24590100
PETR4,2012-05-10,19.92,19204300
PETR4,2012-05-11,19.53,22518900
PETR4,2012-05-14,18.90,26088300
PETR4,2012-05-15,18.49,31489100
PETR4,2012-05-16,19.29,53547000
PETR4,2012-05-17,18.43,32448400
PETR4,2012-05-18,19.07,30827600
PETR4,2012-05-22,19.71,25626200
PETR4,2012-05-23,19.23,26282100
PETR4,2012-05-24,18.70,24654800
PETR4,2012-05-25,18.64,18736600
PETR4,2012-05-28,18.79,8969900
PETR4,2012-05-29,18.85,23202700
PETR4,2012-05-30,18.35,23451100
PETR4,2012-05-31,19.13,30378300
PETR4,2012-06-01,18.80,30593200
PETR4,2012-06-04,19.11,23318400
PETR4,2012-06-05,18.80,20669600
PETR4,2012-06-06,19.09,28549100
PETR4,2012-06-08,18.88,22183800
PETR4,2012-06-11,18.39,23041400
PETR4,2012-06-12,18.60,24582800
PETR4,2012-06-13,18.90,27915700
PETR4,2012-06-14,18.17,40851900
PETR4,2012-06-15,18.55,29177900
PETR4,2012-06-19,19.65,49228700
PETR4,2012-06-20,19.90,31166100
PETR4,2012-06-21,19.27,27366300
PETR4,2012-06-22,19.55,20613400
PETR4,2012-06-25,17.80,48876000
PETR4,2012-06-26,18.00,36988300
PETR4,2012-06-27,17.64,21017200
PETR4,2012-06-28,17.70,21382900
PETR4,2012-06-29,18.25,23170100
PETR4,2012-07-02,18.36,19563100
PETR4,2012-07-03,18.99,29500800
PETR4,2012-07-04,18.95,12131600
PETR4,2012-07-05,19.60,36200100
PETR4,2012-07-06,19.20,21172600
PETR4,2012-07-10,18.39,30813600
PETR4,2012-07-11,18.54,21738400
PETR4,2012-07-12,18.58,25942400
PETR4,2012-07-13,19.55,51591200
PETR4,2012-07-17,19.25,16602300
PETR4,2012-07-18,19.33,17088900
PETR4,2012-07-19,19.62,20781700
PETR4,2012-07-20,19.18,19025100
PETR4,2012-07-23,18.96,21365500
PETR4,2012-07-24,18.79,19547500
PETR4,2012-07-25,19.00,17749100
PETR4,2012-07-26,19.26,20628300
PETR4,2012-07-27,20.17,37700800
PETR4,2012-07-30,20.31,22857600
PETR4,2012-07-31,19.50,38115700
PETR4,2012-08-01,19.82,27655700
PETR4,2012-08-02,19.60,25195600
PETR4,2012-08-03,19.94,30632200
PETR4,2012-08-06,19.92,55497300
PETR4,2012-08-07,20.25,35894000
PETR4,2012-08-08,21.18,41018800
PETR4,2012-08-09,21.00,23850500
PETR4,2012-08-10,21.07,18871200
PETR4,2012-08-13,21.03,19562400
PETR4,2012-08-14,20.84,19888700
PETR4,2012-08-15,21.05,27591300
PETR4,2012-08-16,21.46,21812100
PETR4,2012-08-17,21.55,17505500
PETR4,2012-08-21,21.24,30201500
PETR4,2012-08-22,21.49,20990800
PETR4,2012-08-23,21.28,16991200
PETR4,2012-08-24,21.23,23253600
PETR4,2012-08-27,21.37,14650800
PETR4,2012-08-28,21.34,12377900
PETR4,2012-08-29,21.21,19172200
PETR4,2012-08-30,21.04,15313800
PETR4,2012-08-31,20.75,23844000
PETR4,2012-09-03,20.68,9996000
PETR4,2012-09-04,20.43,14057800
PETR4,2012-09-05,20.59,13312900
PETR4,2012-09-06,21.00,18648700
PETR4,2012-09-10,21.23,22808700
PETR4,2012-09-11,21.72,18894200
PETR4,2012-09-12,21.99,27378300
PETR4,2012-09-13,22.90,40030600
PETR4,2012-09-14,23.30,46359700
PETR4,2012-09-17,23.27,30364400
PETR4,2012-09-18,23.20,16636100
PETR4,2012-09-19,22.67,29299800
PETR4,2012-09-20,22.93,20989200
PETR4,2012-09-21,22.70,18749000
PETR4,2012-09-24,22.96,18096300
PETR4,2012-09-25,22.74,25065400
PETR4,2012-09-26,22.77,18642400
PETR4,2012-09-27,22.71,18188700
PETR4,2012-09-28,22.37,18677900
PETR4,2012-10-01,22.51,15561200
PETR4,2012-10-02,22.70,15631500
PETR4,2012-10-03,22.34,22533600
PETR4,2012-10-04,22.40,22324900
PETR4,2012-10-05,22.25,14597000
PETR4,2012-10-08,22.41,13203900
PETR4,2012-10-09,22.22,16947700
PETR4,2012-10-10,22.12,15902900
PETR4,2012-10-11,22.50,21974800
PETR4,2012-10-15,22.80,23171500
PETR4,2012-10-16,22.80,21716400
PETR4,2012-10-17,22.62,27176000
PETR4,2012-10-18,22.50,30325000
PETR4,2012-10-19,22.25,19987600
PETR4,2012-10-22,22.05,19212700
PETR4,2012-10-23,21.67,25921300
PETR4,2012-10-24,21.54,10921300
PETR4,2012-10-25,21.75,11681200
PETR4,2012-10-26,22.10,25747300
PETR4,2012-10-29,21.35,20295900
PETR4,2012-10-30,21.53,8471800
PETR4,2012-10-31,20.80,29805900
PETR4,2012-11-01,20.85,22638800
PETR4,2012-11-05,21.24,22746700
PETR4,2012-11-06,21.68,21288700
PETR4,2012-11-07,21.18,23550600
PETR4,2012-11-08,20.61,22965500
PETR4,2012-11-09,20.78,20890300
PETR4,2012-11-12,20.44,16831600
PETR4,2012-11-13,20.47,25641500
PETR4,2012-11-14,19.80,28281900
PETR4,2012-11-16,19.03,33874400
PETR4,2012-11-19,19.13,22437000
PETR4,2012-11-21,18.62,32393400
PETR4,2012-11-22,18.65,16757000
PETR4,2012-11-23,19.17,19514100
PETR4,2012-11-26,18.82,18004000
PETR4,2012-11-27,18.51,31833300
PETR4,2012-11-28,18.65,25941300
PETR4,2012-11-29,19.15,26702100
PETR4,2012-11-30,18.66,37179700
PETR4,2012-12-03,19.00,21174100
PETR4,2012-12-04,18.82,24541800
PETR4,2012-12-05,18.94,16822600
PETR4,2012-12-06,18.70,21476900
PETR4,2012-12-07,19.08,17573000
PETR4,2012-12-10,19.57,23131600
PETR4,2012-12-11,19.99,27429800
PETR4,2012-12-12,19.85,34706800
PETR4,2012-12-13,19.57,32701400
PETR4,2012-12-14,20.21,44756300
PETR4,2012-12-17,19.92,28421900
PETR4,2012-12-18,20.17,24685000
PETR4,2012-12-19,20.93,48430400
PETR4,2012-12-20,21.05,25639600
PETR4,2012-12-21,20.69,29390200
PETR4,2012-12-26,20.06,24075000
PETR4,2012-12-27,19.41,29298500
PETR4,2012-12-28,19.52,28368600
PETR4,2013-01-02,19.69,30182600
PETR4,2013-01-03,20.40,30552600
PETR4,2013-01-04,20.43,36141000
PETR4,2013-01-07,20.08,28069600
PETR4,2013-01-08,19.50,29091300
PETR4,2013-01-09,19.68,24361100
PETR4,2013-01-10,19.83,17526200
PETR4,2013-01-11,19.88,18223600
PETR4,2013-01-14,19.72,28302400
PETR4,2013-01-15,19.82,29633900
PETR4,2013-01-16,19.84,16787800
PETR4,2013-01-17,19.71,19719600
PETR4,2013-01-18,19.58,18913900
PETR4,2013-01-21,19.39,18086200
PETR4,2013-01-22,19.58,23535100
PETR4,2013-01-23,19.55,17200800
PETR4,2013-01-24,19.61,19612600
PETR4,2013-01-28,19.37,20122600
PETR4,2013-01-29,19.11,27097900
PETR4,2013-01-30,18.20,66985800
PETR4,2013-01-31,18.08,33246400
PETR4,2013-02-01,18.46,28860400
PETR4,2013-02-04,18.00,32294300
PETR4,2013-02-05,18.08,77332900
PETR4,2013-02-06,17.60,30886100
PETR4,2013-02-07,17.50,37066400
PETR4,2013-02-08,17.74,31068100
PETR4,2013-02-13,17.80,22328200
PETR4,2013-02-14,17.67,25902900
PETR4,2013-02-15,17.63,25001600
PETR4,2013-02-18,17.90,20291600
VALE5,2010-01-04,43.52,10922600
VALE5,2010-01-05,44.13,21663900
VALE5,2010-01-06,45.00,18624000
VALE5,2010-01-07,45.30,15181200
VALE5,2010-01-08,45.55,16596300
VALE5,2010-01-11,45.75,11778000
VALE5,2010-01-12,45.85,14859600
VALE5,2010-01-13,46.51,17542800
VALE5,2010-01-14,46.38,18727100
VALE5,2010-01-15,46.14,17296000
VALE5,2010-01-18,46.70,13588900
VALE5,2010-01-19,47.25,12177100
VALE5,2010-01-20,46.41,14961500
VALE5,2010-01-21,44.76,21308200
VALE5,2010-01-22,43.75,19685500
VALE5,2010-01-26,42.60,18437000
VALE5,2010-01-27,42.06,19904500
VALE5,2010-01-28,42.15,16827100
VALE5,2010-01-29,42.14,18393500
VALE5,2010-02-01,43.60,16515300
VALE5,2010-02-02,43.66,10833300
VALE5,2010-02-03,43.52,12983000
VALE5,2010-02-04,41.25,26959500
VALE5,2010-02-05,40.80,28652500
VALE5,2010-02-08,41.25,15872700
VALE5,2010-02-09,42.23,22034500
VALE5,2010-02-10,42.20,13217000
VALE5,2010-02-11,43.00,28147900
VALE5,2010-02-12,42.74,15667600
VALE5,2010-02-17,44.29,18240200
VALE5,2010-02-18,45.20,19826200
VALE5,2010-02-19,45.10,13729500
VALE5,2010-02-22,44.39,12204200
VALE5,2010-02-23,43.79,15653200
VALE5,2010-02-24,44.23,12880600
VALE5,2010-02-25,44.55,14819700
VALE5,2010-02-26,44.45,13949800
VALE5,2010-03-01,44.65,10985400
VALE5,2010-03-02,45.49,23929400
VALE5,2010-03-03,45.34,20259400
VALE5,2010-03-04,46.00,20336600
VALE5,2010-03-05,47.35,27508500
VALE5,2010-03-08,47.21,20401600
VALE5,2010-03-09,47.67,20799600
VALE5,2010-03-10,47.06,21643700
VALE5,2010-03-11,46.68,14898400
VALE5,2010-03-12,46.41,12072300
VALE5,2010-03-15,46.70,16208600
VALE5,2010-03-16,47.83,12313700
VALE5,2010-03-17,47.65,10906000
VALE5,2010-03-18,47.34,11773500
VALE5,2010-03-19,46.80,13535400
VALE5,2010-03-22,47.32,10782600
VALE5,2010-03-23,48.55,22267500
VALE5,2010-03-24,48.50,11288700
VALE5,2010-03-25,48.17,15437100
VALE5,2010-03-26,48.55,11022600
VALE5,2010-03-29,49.46,14169700
VALE5,2010-03-30,49.55,11330000
VALE5,2010-03-31,49.55,15844100
VALE5,2010-04-01,49.95,14350200
VALE5,2010-04-05,49.79,9374800
VALE5,2010-04-06,49.97,13209600
VALE5,2010-04-07,50.20,12326000
VALE5,2010-04-08,50.95,18426200
VALE5,2010-04-09,51.04,8499500
VALE5,2010-04-12,50.75,9471900
VALE5,2010-04-13,50.95,9972000
VALE5,2010-04-14,51.34,25539300
VALE5,2010-04-15,51.20,40250400
VALE5,2010-04-16,50.57,26773700
VALE5,2010-04-19,50.23,18927700
VALE5,2010-04-20,49.41,15213800
VALE5,2010-04-22,49.69,17213500
VALE5,2010-04-23,49.26,13782100
VALE5,2010-04-26,49.00,11887900
VALE5,2010-04-27,46.58,27544000
VALE5,2010-04-28,46.30,24826500
VALE5,2010-04-29,47.85,18902000
VALE5,2010-04-30,46.53,19018000
VALE5,2010-05-03,45.35,23754300
VALE5,2010-05-04,43.15,44440800
VALE5,2010-05-05,44.20,31714300
VALE5,2010-05-06,43.17,36258300
VALE5,2010-05-07,43.15,25084300
VALE5,2010-05-10,45.15,22321600
VALE5,2010-05-11,44.40,14773400
VALE5,2010-05-12,44.40,14254400
VALE5,2010-05-13,43.70,17824300
VALE5,2010-05-14,42.39,28154200
VALE5,2010-05-17,41.61,25422700
VALE5,2010-05-18,40.00,16690700
VALE5,2010-05-19,39.00,30753000
VALE5,2010-05-20,38.10,26017800
VALE5,2010-05-21,40.29,26376000
VALE5,2010-05-24,39.80,17802200
VALE5,2010-05-25,40.20,22367600
VALE5,2010-05-26,39.61,25291500
VALE5,2010-05-27,42.10,24230000
VALE5,2010-05-31,42.88,11820000
VALE5,2010-06-01,42.00,15622200
VALE5,2010-06-02,42.90,13410200
VALE5,2010-06-04,40.90,19785400
VALE5,2010-06-07,41.25,17899400
VALE5,2010-06-08,40.26,16254000
VALE5,2010-06-09,41.16,18001500
VALE5,2010-06-10,41.30,17875800
VALE5,2010-06-11,41.66,11262500
VALE5,2010-06-14,41.70,13295400
VALE5,2010-06-15,42.20,10783200
VALE5,2010-06-16,41.80,31083800
VALE5,2010-06-17,42.09,18737600
VALE5,2010-06-18,40.67,49931800
VALE5,2010-06-21,41.85,23047400
VALE5,2010-06-22,42.25,14539500
VALE5,2010-06-23,42.09,12646800
VALE5,2010-06-24,41.25,11670600
VALE5,2010-06-25,41.92,7465500
VALE5,2010-06-28,41.01,9842800
VALE5,2010-06-29,39.03,32284500
VALE5,2010-06-30,37.91,17470200
VALE5,2010-07-01,38.18,22328200
VALE5,2010-07-02,38.00,9685500
VALE5,2010-07-05,37.60,7763100
VALE5,2010-07-06,37.95,18343600
VALE5,2010-07-07,38.95,18460300
VALE5,2010-07-08,39.01,17413100
VALE5,2010-07-12,38.33,13717000
VALE5,2010-07-13,38.55,15348800
VALE5,2010-07-14,38.30,14699900
VALE5,2010-07-15,37.93,15425700
VALE5,2010-07-16,37.75,12985700
VALE5,2010-07-19,38.50,19050900
VALE5,2010-07-20,40.90,54172200
VALE5,2010-07-21,41.15,25769700
VALE5,2010-07-22,41.87,19457300
VALE5,2010-07-23,42.20,13470300
VALE5,2010-07-26,42.10,10216700
VALE5,2010-07-27,41.95,13650700
VALE5,2010-07-28,42.50,11341500
VALE5,2010-07-29,42.52,16374400
VALE5,2010-07-30,42.67,18942500
VALE5,2010-08-02,44.10,20993800
VALE5,2010-08-03,44.06,11996500
VALE5,2010-08-04,43.94,14195300
VALE5,2010-08-05,44.10,12007800
VALE5,2010-08-06,44.08,11527000
VALE5,2010-08-09,44.15,11168500
VALE5,2010-08-10,43.60,16790000
VALE5,2010-08-11,42.38,18704200
VALE5,2010-08-12,42.72,19422500
VALE5,2010-08-13,42.89,10823300
VALE5,2010-08-16,43.45,13099200
VALE5,2010-08-17,43.97,13347300
VALE5,2010-08-18,44.28,17290200
VALE5,2010-08-19,43.90,10957500
VALE5,2010-08-20,43.35,9513000
VALE5,2010-08-23,42.30,13316700
VALE5,2010-08-24,41.33,16482000
VALE5,2010-08-25,40.93,16599300
VALE5,2010-08-26,40.70,15645200
VALE5,2010-08-27,41.95,12432300
VALE5,2010-08-30,40.70,10855300
VALE5,2010-08-31,41.43,12567700
VALE5,2010-09-01,43.30,20164600
VALE5,2010-09-02,42.85,12010300
VALE5,2010-09-03,42.72,10602500
VALE5,2010-09-06,42.51,4682400
VALE5,2010-09-08,41.71,12015600
VALE5,2010-09-09,41.77,10842100
VALE5,2010-09-10,41.45,11357900
VALE5,2010-09-13,42.54,16608100
VALE5,2010-09-14,42.26,42041200
VALE5,2010-09-15,42.50,12283000
VALE5,2010-09-16,42.26,13052600
VALE5,2010-09-17,41.82,12126800
VALE5,2010-09-20,42.60,1012100
VALE5,2010-09-21,42.68,17752000
VALE5,2010-09-22,43.35,19951400
VALE5,2010-09-23,43.43,17835500
VALE5,2010-09-24,44.66,27372500
VALE5,2010-09-27,45.60,21100900
VALE5,2010-09-28,45.90,16777700
VALE5,2010-09-29,46.10,18242800
VALE5,2010-09-30,46.30,18799100
VALE5,2010-10-01,46.75,16847000
VALE5,2010-10-04,46.76,11971000
VALE5,2010-10-05,47.34,20867500
VALE5,2010-10-06,47.44,20146300
VALE5,2010-10-07,47.49,20536400
VALE5,2010-10-08,47.30,20561200
VALE5,2010-10-11,47.40,9826600
VALE5,2010-10-13,47.64,16057500
VALE5,2010-10-14,48.10,21159700
VALE5,2010-10-15,47.78,13402100
VALE5,2010-10-18,49.10,22773500
VALE5,2010-10-19,48.08,17656800
VALE5,2010-10-20,49.30,17133300
VALE5,2010-10-21,48.33,19013500
VALE5,2010-10-22,48.24,13324800
VALE5,2010-10-25,48.50,12172200
VALE5,2010-10-26,49.20,12138800
VALE5,2010-10-27,48.72,13178900
VALE5,2010-10-28,47.90,17628500
VALE5,2010-10-29,47.75,14211100
VALE5,2010-11-01,48.34,8120600
VALE5,2010-11-03,48.24,12685100
VALE5,2010-11-04,49.35,18799000
VALE5,2010-11-05,49.32,15164100
VALE5,2010-11-08,49.76,14524400
VALE5,2010-11-09,49.69,15890100
VALE5,2010-11-10,49.85,15680600
VALE5,2010-11-11,49.99,11864700
VALE5,2010-11-12,49.11,15642100
VALE5,2010-11-16,48.25,18822800
VALE5,2010-11-17,48.31,8548700
VALE5,2010-11-18,49.45,14230900
VALE5,2010-11-19,49.56,12402600
VALE5,2010-11-22,49.30,10982200
VALE5,2010-11-23,48.20,12462900
VALE5,2010-11-24,49.50,12419100
VALE5,2010-11-25,49.25,5066100
VALE5,2010-11-26,48.52,9704800
VALE5,2010-11-29,48.50,10463900
VALE5,2010-11-30,48.00,16241200
VALE5,2010-12-01,49.23,14333600
VALE5,2010-12-02,49.50,11328600
VALE5,2010-12-03,49.95,13134200
VALE5,2010-12-06,50.23,8297000
VALE5,2010-12-07,50.20,11932200
VALE5,2010-12-08,49.25,19978900
VALE5,2010-12-09,49.46,11298100
VALE5,2010-12-10,50.00,11064000
VALE5,2010-12-13,50.92,14022200
VALE5,2010-12-14,50.73,11214100
VALE5,2010-12-15,50.34,14831600
VALE5,2010-12-16,49.90,12060000
VALE5,2010-12-17,49.86,10098900
VALE5,2010-12-20,49.80,13255700
VALE5,2010-12-21,50.35,7119700
VALE5,2010-12-22,50.25,8988400
VALE5,2010-12-23,50.05,5141700
VALE5,2010-12-27,49.10,8360800
VALE5,2010-12-28,48.30,11324200
VALE5,2010-12-29,48.51,12450400
VALE5,2010-12-30,48.50,12206400
VALE5,2011-01-03,49.90,12745700
VALE5,2011-01-04,50.83,20270600
VALE5,2011-01-05,51.56,17732400
VALE5,2011-01-06,51.32,15340900
VALE5,2011-01-07,50.90,13945800
VALE5,2011-01-10,51.05,10021700
VALE5,2011-01-11,51.46,13236000
VALE5,2011-01-12,52.42,19869800
VALE5,2011-01-13,52.25,13329700
VALE5,2011-01-14,52.55,12697800
VALE5,2011-01-17,52.86,19719500
VALE5,2011-01-18,53.41,13651700
VALE5,2011-01-19,52.68,14029200
VALE5,2011-01-20,52.12,19480100
VALE5,2011-01-21,52.51,10881400
VALE5,2011-01-24,52.74,6077800
VALE5,2011-01-26,52.46,9762700
VALE5,2011-01-27,52.10,10528300
VALE5,2011-01-28,51.05,19717900
VALE5,2011-01-31,50.99,9852200
VALE5,2011-02-01,51.60,16000
VALE5,2011-02-02,51.15,13173900
VALE5,2011-02-03,51.53,86000
VALE5,2011-02-04,50.39,13030300
VALE5,2011-02-07,50.32,12456200
VALE5,2011-02-08,49.90,13100
VALE5,2011-02-11,49.67,13421900
VALE5,2011-02-14,50.59,14749700
VALE5,2011-02-15,50.14,15332300
VALE5,2011-02-16,50.46,12707000
VALE5,2011-02-17,50.61,12498900
VALE5,2011-02-18,50.24,12109100
VALE5,2011-02-21,49.20,12724900
VALE5,2011-02-22,48.30,19257600
VALE5,2011-02-23,49.25,19276400
VALE5,2011-02-25,49.26,17191800
VALE5,2011-02-28,49.60,10510800
VALE5,2011-03-01,48.85,10599900
VALE5,2011-03-02,49.46,18899000
VALE5,2011-03-03,49.60,13177000
VALE5,2011-03-04,49.05,13205100
VALE5,2011-03-10,46.06,27250300
VALE5,2011-03-11,46.74,18447900
VALE5,2011-03-14,46.64,10252800
VALE5,2011-03-15,45.86,22308800
VALE5,2011-03-16,44.70,27757900
VALE5,2011-03-17,45.92,21044900
VALE5,2011-03-18,46.83,23926800
VALE5,2011-03-21,46.88,24701500
VALE5,2011-03-22,46.68,24701500
VALE5,2011-03-24,46.90,10545700
VALE5,2011-03-25,46.87,50000
VALE5,2011-03-28,46.47,7990700
VALE5,2011-03-29,47.33,0
VALE5,2011-03-30,47.07,14350300
VALE5,2011-03-31,47.39,16040600
VALE5,2011-04-04,48.24,21787200
VALE5,2011-04-05,48.30,27422800
VALE5,2011-04-06,47.86,19096500
VALE5,2011-04-07,47.42,16232500
VALE5,2011-04-08,47.43,15820300
VALE5,2011-04-11,47.33,11795700
VALE5,2011-04-12,46.43,16594900
VALE5,2011-04-13,45.92,19791000
VALE5,2011-04-14,45.81,14808600
VALE5,2011-04-15,45.65,11529500
VALE5,2011-04-18,45.20,17666700
VALE5,2011-04-19,45.73,11850000
VALE5,2011-04-20,46.50,13249300
VALE5,2011-04-25,46.76,11229000
VALE5,2011-04-26,46.79,12672300
VALE5,2011-04-27,46.27,12410900
VALE5,2011-04-28,46.05,13049900
VALE5,2011-04-29,46.07,11425200
VALE5,2011-05-02,45.26,15079000
VALE5,2011-05-03,44.59,13679200
VALE5,2011-05-04,43.86,17591000
VALE5,2011-05-05,44.47,18910900
VALE5,2011-05-06,44.35,19075700
VALE5,2011-05-09,44.40,9800
VALE5,2011-05-11,43.17,14591500
VALE5,2011-05-12,43.05,18955100
VALE5,2011-05-13,42.27,15200600
VALE5,2011-05-17,42.65,9269600
VALE5,2011-05-18,42.81,15055000
VALE5,2011-05-19,43.46,18509400
VALE5,2011-05-20,43.75,21640900
VALE5,2011-05-23,43.70,10841100
VALE5,2011-05-24,44.13,11301000
VALE5,2011-05-25,44.05,7890700
VALE5,2011-05-26,44.78,26232000
VALE5,2011-05-27,44.95,13698700
VALE5,2011-05-30,44.79,2954600
VALE5,2011-05-31,44.84,11781300
VALE5,2011-06-01,44.48,13159600
VALE5,2011-06-02,44.71,11715300
VALE5,2011-06-03,44.49,19158200
VALE5,2011-06-06,44.08,8457600
VALE5,2011-06-07,44.09,10736300
VALE5,2011-06-08,44.08,9664300
VALE5,2011-06-09,44.46,11176400
VALE5,2011-06-10,44.06,12694000
VALE5,2011-06-13,43.40,10414900
VALE5,2011-06-14,43.51,11433200
VALE5,2011-06-15,43.27,14652100
VALE5,2011-06-16,42.78,13321800
VALE5,2011-06-17,42.71,10535400
VALE5,2011-06-20,43.30,11698600
VALE5,2011-06-21,43.65,11070900
VALE5,2011-06-22,43.85,15727500
VALE5,2011-06-24,44.10,9581700
VALE5,2011-06-27,44.04,12570500
VALE5,2011-06-28,44.50,11109600
VALE5,2011-06-29,44.41,9176400
VALE5,2011-06-30,44.64,10684300
VALE5,2011-07-01,46.63,33293900
VALE5,2011-07-04,47.05,6648600
VALE5,2011-07-05,46.33,11265200
VALE5,2011-07-06,46.31,10638200
VALE5,2011-07-07,46.51,11858300
VALE5,2011-07-08,46.10,9387000
VALE5,2011-07-11,45.61,11022800
VALE5,2011-07-12,45.72,13251700
VALE5,2011-07-13,46.38,15932800
VALE5,2011-07-14,45.80,19378500
VALE5,2011-07-15,45.88,13335600
VALE5,2011-07-18,46.05,25491500
VALE5,2011-07-19,46.15,10922300
VALE5,2011-07-20,45.91,11982700
VALE5,2011-07-21,46.01,10646000
VALE5,2011-07-22,46.16,11419300
VALE5,2011-07-25,46.02,9000
VALE5,2011-07-26,46.16,11717600
VALE5,2011-07-27,45.85,12578900
VALE5,2011-07-28,46.27,10736200
VALE5,2011-07-29,45.52,11000
VALE5,2011-08-01,45.58,13817700
VALE5,2011-08-02,44.80,12354300
VALE5,2011-08-03,43.61,23022700
VALE5,2011-08-04,41.26,29785700
VALE5,2011-08-05,40.23,27105000
VALE5,2011-08-08,36.54,29242500
VALE5,2011-08-09,38.40,32344600
VALE5,2011-08-10,38.50,17982000
VALE5,2011-08-11,40.15,24736000
VALE5,2011-08-12,39.16,17562700
VALE5,2011-08-15,39.85,15474300
VALE5,2011-08-16,39.75,14207000
VALE5,2011-08-17,40.30,18234700
VALE5,2011-08-18,38.30,34584200
VALE5,2011-08-19,37.31,18747300
VALE5,2011-08-22,37.51,12700200
VALE5,2011-08-23,38.60,16122700
VALE5,2011-08-24,38.69,14912400
VALE5,2011-08-25,38.30,14263400
VALE5,2011-08-26,39.02,18679500
VALE5,2011-08-29,39.77,12946100
VALE5,2011-08-30,40.04,13491200
VALE5,2011-08-31,40.65,18537400
VALE5,2011-09-01,40.99,15985200
VALE5,2011-09-02,40.35,12395700
VALE5,2011-09-05,39.68,8711600
VALE5,2011-09-06,40.66,16503700
VALE5,2011-09-08,41.41,21099000
VALE5,2011-09-09,40.93,15219300
VALE5,2011-09-12,41.28,14199900
VALE5,2011-09-13,41.56,13516800
VALE5,2011-09-14,42.15,18186300
VALE5,2011-09-15,42.72,17449300
VALE5,2011-09-16,43.00,15191300
VALE5,2011-09-19,43.58,29622300
VALE5,2011-09-20,44.00,23105400
VALE5,2011-09-21,43.45,19659700
VALE5,2011-09-22,41.58,28364800
VALE5,2011-09-23,41.00,18339900
VALE5,2011-09-26,40.50,15714600
VALE5,2011-09-27,40.82,15148500
VALE5,2011-09-28,40.58,14584000
VALE5,2011-09-29,40.10,19108400
VALE5,2011-09-30,39.23,16292100
VALE5,2011-10-03,38.25,20608700
VALE5,2011-10-04,37.85,26526000
VALE5,2011-10-05,38.70,19382500
VALE5,2011-10-06,39.30,16148400
VALE5,2011-10-07,38.31,15155100
VALE5,2011-10-10,39.55,14010400
VALE5,2011-10-11,40.23,18635800
VALE5,2011-10-13,40.95,22123600
VALE5,2011-10-14,41.18,20423400
VALE5,2011-10-17,38.74,20563100
VALE5,2011-10-18,38.80,23965400
VALE5,2011-10-19,37.69,19717500
VALE5,2011-10-20,37.21,19858100
VALE5,2011-10-21,37.87,13588100
VALE5,2011-10-28,41.68,15849000
VALE5,2011-10-31,40.80,17005900
VALE5,2011-11-01,40.40,19630400
VALE5,2011-11-03,41.70,26178900
VALE5,2011-11-04,42.25,22185900
VALE5,2011-11-07,42.64,16597500
VALE5,2011-11-08,42.45,13030300
VALE5,2011-11-09,41.78,16889800
VALE5,2011-11-11,42.15,13243300
VALE5,2011-11-14,41.97,7134100
VALE5,2011-11-16,42.28,19787700
VALE5,2011-11-17,41.35,28513500
VALE5,2011-11-18,41.25,23062400
VALE5,2011-11-21,41.15,22461700
VALE5,2011-11-22,40.88,17220000
VALE5,2011-11-23,39.85,19999800
VALE5,2011-11-24,39.85,8216400
VALE5,2011-11-25,39.00,14826100
VALE5,2011-11-28,39.50,17589500
VALE5,2011-11-29,38.85,15534900
VALE5,2011-11-30,39.03,21166400
VALE5,2011-12-01,39.30,19239500
VALE5,2011-12-02,39.91,16879200
VALE5,2011-12-05,40.50,12966300
VALE5,2011-12-06,40.53,9618600
VALE5,2011-12-07,39.06,19016300
VALE5,2011-12-08,38.50,17641900
VALE5,2011-12-09,39.12,11569400
VALE5,2011-12-13,38.56,16405900
VALE5,2011-12-14,38.00,21405900
VALE5,2011-12-15,37.55,17808400
VALE5,2011-12-16,37.46,14443700
VALE5,2011-12-19,36.80,13008300
VALE5,2011-12-20,38.14,16479900
VALE5,2011-12-21,38.17,13819000
VALE5,2011-12-22,38.70,15047700
VALE5,2011-12-23,38.95,9363600
VALE5,2011-12-26,38.70,3667300
VALE5,2011-12-27,38.82,9615600
VALE5,2011-12-28,37.81,11143700
VALE5,2011-12-29,37.82,7868500
VALE5,2011-12-30,37.82,0
VALE5,2012-01-02,38.90,8791700
VALE5,2012-01-03,40.47,22938300
VALE5,2012-01-04,40.79,15518200
VALE5,2012-01-05,39.76,15582300
VALE5,2012-01-06,39.46,12894800
VALE5,2012-01-09,39.50,14593800
VALE5,2012-01-10,39.51,16238500
VALE5,2012-01-11,39.81,19823800
VALE5,2012-01-12,39.36,17244800
VALE5,2012-01-13,38.95,26419900
VALE5,2012-01-16,39.30,12621800
VALE5,2012-01-18,41.13,17692100
VALE5,2012-01-19,41.05,17266400
VALE5,2012-01-20,40.99,10554600
VALE5,2012-01-23,41.05,10857500
VALE5,2012-01-24,41.58,15307900
VALE5,2012-01-25,41.58,0
VALE5,2012-01-26,41.23,20161300
VALE5,2012-01-27,41.32,11355300
VALE5,2012-01-30,41.63,14726000
VALE5,2012-01-31,42.69,27439200
VALE5,2012-02-01,43.55,22306000
VALE5,2012-02-02,43.68,19899900
VALE5,2012-02-03,43.83,21750200
VALE5,2012-02-06,43.92,10071300
VALE5,2012-02-07,43.97,18450500
VALE5,2012-02-08,43.65,15128500
VALE5,2012-02-09,43.38,16723300
VALE5,2012-02-10,42.63,21755100
VALE5,2012-02-13,43.73,16320900
VALE5,2012-02-14,42.88,14290300
VALE5,2012-02-15,42.08,20709100
VALE5,2012-02-16,42.36,21480300
VALE5,2012-02-17,41.99,11672900
VALE5,2012-02-20,41.99,0
VALE5,2012-02-21,41.99,0
VALE5,2012-02-22,41.98,13888700
VALE5,2012-02-23,42.80,16914000
VALE5,2012-02-24,42.97,13245900
VALE5,2012-02-27,42.50,9795400
VALE5,2012-02-28,42.90,12293300
VALE5,2012-02-29,42.50,14371200
VALE5,2012-03-01,42.95,15786900
VALE5,2012-03-02,43.30,12003600
VALE5,2012-03-05,42.04,16890100
VALE5,2012-03-06,40.17,29103000
VALE5,2012-03-07,40.15,24749500
VALE5,2012-03-08,40.10,16123800
VALE5,2012-03-09,39.93,13363600
VALE5,2012-03-12,39.47,12977200
VALE5,2012-03-13,41.59,26784200
VALE5,2012-03-14,41.10,19016800
VALE5,2012-03-15,41.45,32625900
VALE5,2012-03-16,41.90,21939200
VALE5,2012-03-19,41.90,0
VALE5,2012-03-20,41.60,16083000
VALE5,2012-03-21,41.46,10020100
VALE5,2012-03-22,40.60,16286400
VALE5,2012-03-23,40.51,10102200
VALE5,2012-03-26,41.00,9288800
VALE5,2012-03-27,41.35,13935800
VALE5,2012-03-28,40.66,9673100
VALE5,2012-03-29,41.00,17674600
VALE5,2012-03-30,41.46,17456000
VALE5,2012-04-02,42.55,22896200
VALE5,2012-04-03,41.84,15403000
VALE5,2012-04-04,41.08,13367800
VALE5,2012-04-05,41.12,11922500
VALE5,2012-04-06,41.12,0
VALE5,2012-04-09,40.77,13094600
VALE5,2012-04-10,40.32,16837000
VALE5,2012-04-11,40.35,14796900
VALE5,2012-04-12,42.80,36603800
VALE5,2012-04-13,42.85,28014200
VALE5,2012-04-16,41.24,20908500
VALE5,2012-04-17,42.05,16760100
VALE5,2012-04-18,42.24,22324000
VALE5,2012-04-19,42.07,10954100
VALE5,2012-04-20,41.93,10296700
VALE5,2012-04-23,41.70,12008800
VALE5,2012-04-24,41.70,12732500
VALE5,2012-04-25,41.09,18174000
VALE5,2012-04-26,41.78,30134400
VALE5,2012-04-27,41.50,14788500
VALE5,2012-04-30,41.45,11727300
VALE5,2012-05-01,41.45,0
VALE5,2012-05-02,41.80,11913600
VALE5,2012-05-03,41.54,12476200
VALE5,2012-05-04,40.44,23400100
VALE5,2012-05-07,40.39,11798900
VALE5,2012-05-08,39.37,18706400
VALE5,2012-05-09,39.22,16397200
VALE5,2012-05-10,39.22,14616500
VALE5,2012-05-11,38.00,20955800
VALE5,2012-05-14,37.36,14977100
VALE5,2012-05-15,37.20,21109000
VALE5,2012-05-16,36.10,24096600
VALE5,2012-05-17,34.78,29125900
VALE5,2012-05-18,35.70,20584600
VALE5,2012-05-21,35.70,0
VALE5,2012-05-22,36.43,16127300
VALE5,2012-05-23,36.80,25583700
VALE5,2012-05-24,36.32,23083700
VALE5,2012-05-25,35.73,16743800
VALE5,2012-05-28,36.10,7716300
VALE5,2012-05-29,36.60,20676500
VALE5,2012-05-30,36.45,16107200
VALE5,2012-05-31,36.72,16674000
VALE5,2012-06-01,36.12,13976000
VALE5,2012-06-04,36.02,13782900
VALE5,2012-06-05,35.95,11582700
VALE5,2012-06-06,37.01,18827700
VALE5,2012-06-07,37.01,0
VALE5,2012-06-08,37.33,16845500
VALE5,2012-06-11,36.89,15641600
VALE5,2012-06-12,37.72,13914100
VALE5,2012-06-13,37.90,20411600
VALE5,2012-06-14,37.86,11476100
VALE5,2012-06-15,38.40,25570300
VALE5,2012-06-18,38.40,0
VALE5,2012-06-19,39.71,26009200
VALE5,2012-06-20,39.85,16937900
VALE5,2012-06-21,38.85,15398000
VALE5,2012-06-22,38.81,12846000
VALE5,2012-06-25,38.23,11172700
VALE5,2012-06-26,38.93,21370800
VALE5,2012-06-27,38.84,12246800
VALE5,2012-06-28,38.33,14971300
VALE5,2012-06-29,39.16,14313600
VALE5,2012-07-02,39.13,10771800
VALE5,2012-07-03,39.86,19066800
VALE5,2012-07-04,40.01,5530200
VALE5,2012-07-05,40.50,19873200
VALE5,2012-07-06,39.88,18799400
VALE5,2012-07-09,39.88,0
VALE5,2012-07-10,38.98,16856100
VALE5,2012-07-11,38.76,14561300
VALE5,2012-07-12,38.61,14904600
VALE5,2012-07-13,39.32,17432200
VALE5,2012-07-16,39.32,0
VALE5,2012-07-17,38.74,18633700
VALE5,2012-07-18,38.60,13291400
VALE5,2012-07-19,38.57,13124700
VALE5,2012-07-20,37.88,15797500
VALE5,2012-07-23,36.88,17995500
VALE5,2012-07-24,35.15,31580600
VALE5,2012-07-25,35.12,22761700
VALE5,2012-07-26,35.39,34444300
VALE5,2012-07-27,36.80,28538000
VALE5,2012-07-30,36.71,12023000
VALE5,2012-07-31,36.40,16505000
VALE5,2012-08-01,36.55,14792600
VALE5,2012-08-02,36.08,13800400
VALE5,2012-08-03,36.50,14379700
VALE5,2012-08-06,36.90,14123600
VALE5,2012-08-07,36.91,13306200
VALE5,2012-08-08,37.27,13630000
VALE5,2012-08-09,37.55,12831700
VALE5,2012-08-10,37.66,14183500
VALE5,2012-08-13,37.66,10031000
VALE5,2012-08-14,36.24,20598700
VALE5,2012-08-15,35.50,20835800
VALE5,2012-08-16,35.92,17604000
VALE5,2012-08-17,34.91,20430800
VALE5,2012-08-20,34.91,0
VALE5,2012-08-21,35.27,18742100
VALE5,2012-08-22,35.31,20146400
VALE5,2012-08-23,34.19,22324500
VALE5,2012-08-24,33.92,27362600
VALE5,2012-08-27,33.39,12597600
VALE5,2012-08-28,33.38,16231700
VALE5,2012-08-29,32.46,29372000
VALE5,2012-08-30,32.32,17782100
VALE5,2012-08-31,33.18,25180800
VALE5,2012-09-03,33.09,7901900
VALE5,2012-09-04,32.12,19661500
VALE5,2012-09-05,32.56,17340600
VALE5,2012-09-06,34.09,28121400
VALE5,2012-09-07,34.09,0
VALE5,2012-09-10,35.10,0
VALE5,2012-09-11,36.04,27111100
VALE5,2012-09-12,36.28,24912200
VALE5,2012-09-13,37.29,34913200
VALE5,2012-09-14,37.70,42649700
VALE5,2012-09-17,38.06,26588500
VALE5,2012-09-18,38.25,15084600
VALE5,2012-09-19,37.83,18772100
VALE5,2012-09-20,37.56,16359900
VALE5,2012-09-21,36.83,15469700
VALE5,2012-09-24,36.84,19294900
VALE5,2012-09-25,35.83,18003800
VALE5,2012-09-26,35.94,14365400
VALE5,2012-09-27,35.85,14258400
VALE5,2012-09-28,35.27,16667800
VALE5,2012-10-01,35.24,12342400
VALE5,2012-10-02,35.15,12733100
VALE5,2012-10-03,34.69,15110300
VALE5,2012-10-04,35.02,23826200
VALE5,2012-10-05,34.98,12760400
VALE5,2012-10-08,36.01,16515100
VALE5,2012-10-09,36.28,20114500
VALE5,2012-10-10,35.85,14888500
VALE5,2012-10-11,36.20,15845800
VALE5,2012-10-12,36.20,0
VALE5,2012-10-15,36.21,19474500
VALE5,2012-10-16,36.95,26721400
VALE5,2012-10-17,36.33,27434200
VALE5,2012-10-18,36.15,17453900
VALE5,2012-10-19,35.53,13725100
VALE5,2012-10-22,35.40,9481200
VALE5,2012-10-23,34.56,15776000
VALE5,2012-10-24,34.29,13386000
VALE5,2012-10-25,36.20,31491900
VALE5,2012-10-26,35.95,15566200
VALE5,2012-10-29,36.09,7036300
VALE5,2012-10-30,36.37,7907000
VALE5,2012-10-31,36.35,14306000
VALE5,2012-11-01,37.17,14847600
VALE5,2012-11-02,37.17,0
VALE5,2012-11-05,36.93,11176800
VALE5,2012-11-06,37.20,14174800
VALE5,2012-11-07,36.81,16124400
VALE5,2012-11-08,36.06,16509300
VALE5,2012-11-09,36.33,14014600
VALE5,2012-11-12,36.03,9519000
VALE5,2012-11-13,36.30,18650100
VALE5,2012-11-14,35.63,15883500
VALE5,2012-11-15,35.63,0
VALE5,2012-11-16,34.65,20674400
VALE5,2012-11-19,35.07,21942100
VALE5,2012-11-20,35.07,0
VALE5,2012-11-21,35.44,21797200
VALE5,2012-11-22,35.42,6462000
VALE5,2012-11-23,35.91,10650900
VALE5,2012-11-26,35.73,13553500
VALE5,2012-11-27,35.73,16997900
VALE5,2012-11-28,35.22,18358600
VALE5,2012-11-29,36.60,27561500
VALE5,2012-11-30,36.70,22221200
VALE5,2012-12-03,36.68,21735900
VALE5,2012-12-04,36.06,14346600
VALE5,2012-12-05,36.69,17768900
VALE5,2012-12-06,36.59,11389600
VALE5,2012-12-07,36.92,13391800
VALE5,2012-12-10,37.43,12172300
VALE5,2012-12-11,38.18,21148000
VALE5,2012-12-12,38.38,19977300
VALE5,2012-12-13,38.53,19507100
VALE5,2012-12-14,39.75,26035500
VALE5,2012-12-17,40.31,23639600
VALE5,2012-12-18,41.00,18394400
VALE5,2012-12-19,40.51,17423100
VALE5,2012-12-20,40.81,9494700
VALE5,2012-12-21,40.50,10118600
VALE5,2012-12-24,40.50,0
VALE5,2012-12-25,40.50,0
VALE5,2012-12-26,40.69,5833000
VALE5,2012-12-27,40.80,7810400
VALE5,2012-12-28,40.87,7137100
VALE5,2012-12-31,40.87,0
VALE5,2013-01-01,40.87,0
VALE5,2013-01-02,42.60,18515700
VALE5,2013-01-03,42.09,15001800
VALE5,2013-01-04,41.36,26351900
VALE5,2013-01-07,40.35,16842400
VALE5,2013-01-08,40.10,15597700
VALE5,2013-01-09,40.30,13486200
VALE5,2013-01-10,40.57,16196200
VALE5,2013-01-11,39.53,23568300
VALE5,2013-01-14,39.75,16504100
VALE5,2013-01-15,39.65,13025100
VALE5,2013-01-16,39.68,16503200
VALE5,2013-01-17,39.75,14360300
VALE5,2013-01-18,39.20,16112400
VALE5,2013-01-21,39.15,11015400
VALE5,2013-01-22,39.68,14681000
VALE5,2013-01-23,39.50,11932600
VALE5,2013-01-24,38.63,14046700
VALE5,2013-01-28,37.69,13274300
VALE5,2013-01-29,38.13,13091400
VALE5,2013-01-30,37.29,18713100
VALE5,2013-01-31,38.70,27544400
VALE5,2013-02-01,39.20,18775500
VALE5,2013-02-04,38.75,12502300
VALE5,2013-02-05,38.10,15093000
VALE5,2013-02-06,38.50,16398100
VALE5,2013-02-07,37.46,18677800
VALE5,2013-02-08,37.74,18987100
VALE5,2013-02-13,37.41,8109500
VALE5,2013-02-14,36.75,14805500
VALE5,2013-02-15,36.47,15077500
VALE5,2013-02-18,36.42,11906600
